Address,Affiliated upto,Affiliation No.,Email,Head,Name,Phone No.,State,Status
"B S L LH BOKARO STEEL CITY JHARKHAND ,800018",31/03/2021,3430192,biswajitpatra4869@rediffmail.com,BISWAJIT PATRA,A R S PUBLIC SCHOOL,"6542 ,09204780407",JHARKHAND,Senior Secondary
"vill. madhwatand, p.o. makatpur, p.s. jainagar, koderma. ,825301",31/03/2021,3430249,punit_ydv@rediffmail.com,PUNIT YADAV,adarsh +2 uchh vidyalaya,"6534 ,222453",JHARKHAND,Senior Secondary
"GOLUKDIH OPEN CART PROJECT AT- GOLUKDIH P.O.JHARIA DISTT.DHANBAD JHARKHAND ,828111",31/03/2020,3430084,asuvidyalaya@ymail.com,SHIO KUMAR SINGH,ADARSH SHRAMIK UCHCH VIDYALAYA,"0326 ,2290009",JHARKHAND,Secondary School
"BYE PASS ROAD CHAS BUS STAND BOKARO JHARKHAND ,827013",31/03/2019,3430089,cghosh1973@gmail.com,CHINMOY GHOSH,ADARSH VIDYA MANDIR,"6542 ,265171",JHARKHAND,Senior Secondary
"P.O BHARECH NAGAR VIA RAMGARH CANTT DISTT HAZARIBAGH JHARKHAND ,829146",31/03/2021,3430128,mkm62.dav@gmail.com,MANOJ KUMAR MISHRA,AGRASEN DAV PUB. SCHOOL,"6553 ,256801",JHARKHAND,Senior Secondary
"DIHING ROAD, OLD BARIDIH, DHALBHUM, JAMSHEDPUR, EAST SINGHBHUM, JHARKHAND ,831017",31/03/2023,3430223,jasbeergill@rediffmail.com,JASBEER KAUR GILL,AIWC ACADEMY OF EXECELLENCE,"0657 ,2213349",JHARKHAND,Senior Secondary
"JAGDISHPUR, MODHUPUR, DEOGARH, JHARKHAND ,815353",31/03/2019,3430220,aniruddh.mishra69@gmail.com,ANIRUDDH MISHRA,ANANDALAYA PUBLIC SCHOOL,"6438 ,284210",JHARKHAND,Secondary School
"Barkagaon Road, Block- Katkamdag, Shankarpur, HAzaribag, Pin.-825301 ,825301",31/03/2018,3430276,angelshighschool2008@gmail.com,SWATI AGRAWAL,Angels High School,"0654 ,262518",JHARKHAND,Senior Secondary
"AT-KATIA,PARSABAD,PO-PARSABAD ,825318",31/03/2019,3430432,munshiyadav8@gmail.com,Mr.BAIJNATH PRASAD BARNWAL,APPRECIABLE PUBLIC SCHOOL,",09973240886",JHARKHAND,Secondary School
"RAMESHWARAM LANE BARAITU ROAD RANCHI JHARKHAND ,834009",31/03/2021,3480004,asr8208@rediffmail.com,MR.ABHAY KUMAR SINGH,ARMY PUBLIC SCHOOL,"0651 ,06512273354",JHARKHAND,Senior Secondary
"RAMGARH CANTT. DISTT.HAZARI BAGH JHARKHAND ,829122",31/03/2021,3480003,armyschool@yahoo.co.in,Mr MB Choubey,ARMY PUBLIC SCHOOL,"06553 ,222107",JHARKHAND,Senior Secondary
"at- kuchai, post-kuchai, distt-saraikela-kharsawan, jharkhand-833 216 ,",31/03/2020,3420003,,.,ashram residential school,",",JHARKHAND,Secondary School
"at-parvat vihar, post-jamtara, dist. jamtara, dist. jamtara, jharkhand- 815 351 ,",31/03/2020,3420004,,.,ashram residential school,",",JHARKHAND,Secondary School
"NARWAPAHAR POST NARWAPAHAR VIA SUNDERNAGAR SINGHBHUM DISTT HQ JAMSHEDPUR JHARKHAND ,832107",31/03/2021,3480005,aecsnrw@yahoo.co.in,Mr. DILEEP SINGH,ATOMIC ENERGY CENTRAL SCHOOL,"0657 ,2741609",JHARKHAND,Secondary School
"P O JADUGUDA MINES SINGHBHUM DISTT JHARKHAND ,832102",01/05/2019,3480002,uciljd@ucil_jd.bih.nic.in,HAROON RASHID KHAN,ATOMIC ENERGY CENTRAL SCHOOL,"0891 ,235",JHARKHAND,Senior Secondary
"Turamdih, via Sundernagar, East Singhbhum Distt. ,832107",31/03/2021,3480006,aecstmd@yahoo.co.in,S.K. SARANGI,"Atomic Energy Central School,","0657 ,6571518",JHARKHAND,Secondary School
"po jaduguda mines district east singhbhum, mosabani, jharkhand ,832102",31/03/2020,3480010,cstb@sanchernet.in,MR BABU RAM,atomic energy central school-2,"0657 ,2730951",JHARKHAND,Secondary School
"RIVERS MEET ROAD P O SONARY WEST JAMSHEDPUR JHARKHAND ,831011",31/03/2021,3430046,sumitadey24@yahoo.com,SUMITA DEY,B S S PRANAV CHILDREN WORLD,"0657 ,2301760",JHARKHAND,Senior Secondary
"BULAKI ROAD NEAR RAILWAY STATION GIRIDIH JHARKHAND ,815201",31/03/2019,3430102,bnsdavgiridih@hotmail.com,PRABIR HAZRA,BADRI NARAYAN SHAH DAV PUB SCH,"6532 ,222485",JHARKHAND,Senior Secondary
"ARA COLLIERY P.O. SARUBERA (KUJU) HAZARIBAGH DISTT JHARKHAND ,829134",31/03/2020,3430032,www.nageshwarthakur238@gmail.com,NAGESHWAR THAKUR,BAL VIDYA MANDIR,"6545 ,253543",JHARKHAND,Secondary School
"KADMA JAMSHEDPUR EAST SINGHBHUM JHARKHAND ,825325",31/03/2020,3430206,baldwin.jsr@gmail.com,SUBHOSREE SARKAR,BALDWIN FARM AREA HIGH SCHOOL,"0657 ,2310195",JHARKHAND,Senior Secondary
"JHARIA PO JHARIA DHANBAD JHARKHAND ,828111",31/03/2020,3430142,roy.ajanta1963@gmail.com,Ajanta Roy,BALKIA VIDYA MANDIR,"0326 ,2240372",JHARKHAND,Senior Secondary
"B. P. DAV PUBLIC SCHOOL, PHARATHIA, GARHWA ,822114",31/03/2019,3430329,davpsgarhwa@gmail.com,AJAY KUMAR CHAUBEY,BANSHIDHAR PARASNATH DAV PUBLIC SCHOOL,"6561 ,9431136772",JHARKHAND,Secondary School
AT,31/03/2020,3430307,info.bcps2010@gmail.com,Mr.Sanjay Kumar,Bhagmani Chandravansi Public School,",06584290069",JHARKHAND,Secondary School
"PO BERMO DISTT BOKARO JHARKHAND ,829104",31/03/2018,3430058,bharatsinghpublicschoolbermo@gmail.com,DR MRIDUL RAKESH KUMAR SINGH,BHARAT SINGH PUBLIC SCHOOL,"6549 ,222387",JHARKHAND,Secondary School
"PO BUNDU DIST RANCHI ,835204",01/03/2020,3430265,principal.rawat64@gmail.com,DHARMENDRA RAWAT,"BIRSA MUNDA D.A.V. RESIDENTIAL PUBLIC SCHOOL,","0 ,9430196887",JHARKHAND,Secondary School
"TURIA BERA BHILAI PAHARI, MANGO, JAMSHEDPUR ,831012",31/03/2019,3430300,principaljsr@gmail.com,Subra Sarkar,BLUE BELLS ENGLISH HIGH SCHOOL,"0657 ,6060200",JHARKHAND,Senior Secondary
"garhwa ,822114",31/03/2018,3430247,tiwaryamitabps@gmail.com,AMIT KUMAR TIWARY,bnt st. mary's school,"6561 ,222278",JHARKHAND,Secondary School
"SECTOR II C BOKARO STEEL CITY JHARKHAND ,827001",31/03/2018,3430059,rabindrajha70@gmail.com,Rabindra Jha,BOKARO ISPAT SR SEC SCHOOL,"6542 ,286792",JHARKHAND,Senior Secondary
"SECTOR III BOKARO STEEL CITY JHARKHAND ,827003",31/03/2018,3430060,BSLBISSS3@GMAIL.COM,PRAMOD KUMAR,BOKARO ISPAT SR SEC SCHOOL,"6542 ,266399",JHARKHAND,Senior Secondary
"SECTOR IX E BOKARA STEEL CITY JHARKHAND ,827009",31/03/2018,3430088,sps.kd.2094@gmail.com,S P SINGH,BOKARO ISPAT SR SEC SCHOOL,"6542 ,296817",JHARKHAND,Senior Secondary
"sect-viii b bokaro steel city jharkhand ,827009",31/03/2019,3430077,tarunkumarghosh43@gmail.com,Tarun Kumar Ghosh,bokaro ispat sr. sec. school,"6542 ,262004",JHARKHAND,Senior Secondary
"SECTOR-II A P.O. BOKARO STEEL CITY JHARKHAND ,827001",31/03/2014,3430078,info@tccsngp.org,SH. KASHI NATH GOSWAMI,BOKARO ISPAT VIDYALAYA,",7814",JHARKHAND,Secondary School
"SECTOR-VIII C BOKARO STEEL CITY JHARKHAND ,827009",31/03/2018,3430079,krishnakumaribsbv@gmail.com,DR K KUMARI,BOKARO ISPAT VIDYALAYA,"6542 ,287788",JHARKHAND,Secondary School
"SECTOR-XI D BOKARO STEEL CITY JHARKHAND ,827009",31/03/2018,3430080,principalbiv11d@gmail.com,DEVENDRA PANDA,BOKARO ISPAT VIDYALAYA,"6542 ,260262",JHARKHAND,Senior Secondary
"sect-xii e bokaro steel city jharkhand ,827012",31/03/2019,3430081,biv12e@gmail.com,MANOJ KUMAR MISHRA,bokaro ispat vidyalaya,"6542 ,81357",JHARKHAND,Secondary School
"SECTOR-IX-C BOKARO STEEL CITY JHARKHAND ,827009",31/03/2019,3430082,dhirendrapsinha@gmail.com,DHIRENDRA PRASAD SINHA,BOKARO ISPAT VIDYALAYA,"6542 ,240227",JHARKHAND,Secondary School
"SECTOR-IV A BOKARO STEEL PLANT JHARKHAND ,827004",31/03/2019,3430083,jks04051959@gmail.com,JAINENDRA KUMAR SINGH,BOKARO ISPAT VIDYALAYA,"6542 ,287788",JHARKHAND,Secondary School
"SECTOR XII A BOKARO STEEL CITY JHARKHAND ,827012",31/03/2013,3430061,anpal@md3.vsnl.net.in,MR M SANKARA NARAYANAN,BOKARO ISPAT VIDYALAYA,"06542 ,7814",JHARKHAND,Secondary School
"SECTOR III A BOKARO STEEL CITY JHARKHAND ,827003",31/03/2018,3430062,biv3a.bsl.edu.in@gmail.com,PRABHA M NAIR,BOKARO ISPAT VIDYALAYA,"6542 ,287788",JHARKHAND,Secondary School
"SECTOR I C BOKARO STEEL CITY JHARKHAND ,827001",31/03/2018,3430064,keya.moyna@gmail.com,SUKANYA BANDOPADHYAY,BOKARO ISPAT VIDYALAYA,"0 ,0",JHARKHAND,Secondary School
"SECTOR IX D BOKARO STEEL CITY JHARKHAND ,827009",31/03/2018,3430065,usdwivedybiv3a@gmail.com,UDAY SHANKAR DWIVEDI,BOKARO ISPAT VIDYALAYA,"6542 ,287743",JHARKHAND,Secondary School
"SECTOR VIII D BOKARO STEEL CITY JHARKHAND ,827009",31/03/2018,3430066,shekhar296@gmail.com,CHANDRA SHEKHAR AZAD,BOKARO ISPAT VIDYALAYA,"6542 ,287742",JHARKHAND,Secondary School
"SECTOR VI A BOKARO STEEL CITY JHARKHAND ,827006",31/03/2018,3430067,biswaldp12@gmail.com,DURGA PRASAD BISWAL,BOKARO ISPAT VIDYALAYA,"6542 ,266399",JHARKHAND,Secondary School
"SECTOR II D BOKARO STEEL CITY JHARKHAND ,827001",31/03/2018,3430063,skpandey2b@gmail.com,SHASHI KANT PANDEY,BOKARO ISPAT VIDYALAYA,"6542 ,220137",JHARKHAND,Secondary School
"SECTOR 3-C BOKARO STEEL CITY DISTT BOKARO JHARKHAND ,827003",31/03/2017,3430197,shekhar.sudha.01@gmail.com,SUDHA SHEKHAR,BOKARO PUBLIC SCHOOL,"6452 ,243195",JHARKHAND,Senior Secondary
"PO HATIA PS HATIA DISTT RANCHI JHARKHAND ,834003",31/03/2019,3430177,schitlangia@yahoo.co.in,SEEMA CHITLANGIA,BRIDGEFORD SCHOOL,"0651 ,6999444",JHARKHAND,Senior Secondary
"by pass road, daltonganj ,822101",31/03/2017,3430294,rahul.mailaddress@gmail.com,Rahul Kumar Singh,bright land school,"0656 ,2222862",JHARKHAND,Secondary School
"bhandaridah distt bokaro jharkhand ,829132",31/03/2023,3430097,hazra_ss1996@rediffmail.com,SHYAM SUNDAR HAZRA,brl dav public school,"6549 ,239243",JHARKHAND,Senior Secondary
"DALUDIH, PO+PS-RAJGANJ, BAGHMARA, DHANBAD, JHARKHAND ,828113",31/03/2018,3430311,pramod.buds@gmail.com,PRAMOD KUMAR,BUDS GARDEN SCHOOL,"0326 ,8539993608",JHARKHAND,Secondary School
"RADIO STATION ROAD, KATHITAND PO-RATU ,835222",31/03/2019,3430290,sanjeevhehal@gmail.com,SANJEEV KUMAR MISHRA,CAMBRIAN PUBLIC SCHOOL,"0651 ,8987483555",JHARKHAND,Senior Secondary
"KANKE ROAD RANCHI JHARKHAND ,834008",31/03/2019,3430087,neetap316@gmail.com,NEETA PANDEY,CAMBRIAN PUBLIC SCHOOL,"0651 ,6571482",JHARKHAND,Senior Secondary
"TATISILWAI RANCHI JHARKHAND ,835103",31/03/2022,3430200,principal@cambridgeschoolranchi.com,TAPAS KUMAR NATH,CAMBRIDGE SCHOOL,"0651 ,2265608",JHARKHAND,Senior Secondary
"AT & POST - ICHAK ,825402",31/03/2019,3430336,gsb_cba@rediffmail.com,Ganesh Shankar Bidyarthi,CAMPION BASIC ACADEMY,"6548 ,285273",JHARKHAND,Secondary School
"Carmel School Kargali PO - Bermo, Dist - Bokaro, Jharkhand ,829104",31/03/2019,3430326,anjali98.chf@gmail.com,Jessy PC,Carmel School Kargali,"6549 ,220596",JHARKHAND,Secondary School
"BARIATU ROAD RANCHI JHARKHAND ,834009",31/03/2019,3430036,annakutty121@gmail.com,ANNAKUTTY,CENTRAL ACADEMY,"0651 ,2541110",JHARKHAND,Senior Secondary
"MAIN ROAD, ADITYPUR, DOSTT. SERAIKELA-KHARSAWAN, DISTT WEST SINGHBHUM, JHARKHAND ,831013",31/03/2022,3430213,shivshankarjsr2012@gmail.com,SHIV SHANKAR DEY,CENTRAL PUBLIC SCHOOL,"0657 ,2372803",JHARKHAND,Senior Secondary
"P O CHASNALLA DHANBAD DISTT JHARKHAND ,828135",31/03/2018,3430026,ajit.kumar.principal@gmail.com,AJIT KUMAR,CHASNALLA ACADEMY,"0326 ,62385171",JHARKHAND,Senior Secondary
"sect v bokaro steel city bokaro jharkhand ,827006",31/03/2018,3430013,principalcvbokaro@gmail.com,ASHOK SINGH,Chinmaya Vidyalaya,"6542 ,269609",JHARKHAND,Senior Secondary
"SOUTH PARK, BISTUPUR,EAST SINGHBHUM ,831001",31/03/2021,3430243,mikkisingh77@gmail.com,Mikki Singh,"CHINMAYA VIDYALAYA, SOUTHPARK","0657 ,6573061",JHARKHAND,Senior Secondary
"SECT VI BOKARO STEEL CITY JHARKHAND ,827006",31/03/2016,3430189,anil.crescent@yahoo.com,Anil Kumar Gupta,CRESCENT PUBLIC SCHOOL,"6542 ,268696",JHARKHAND,Senior Secondary
"BANIAHIR LODNA AREA P.O. BHAGA DISTT. DHANBAD JHARKHAND ,828301",31/03/2020,3430068,subratomodak@gmail.com,SUBRATA MODAK,D A V CENTENARY PUBLIC SCHOOL,"0326 ,2361439",JHARKHAND,Senior Secondary
"BHAWANATHPUR TOWNSHIP DISTT. GARHWA JHARKHAND ,822129",31/03/2022,3430072,drrksingh314@gmail,RAMESH KUMAR SINGH,D A V CENTENARY PUBLIC SCHOOL,"6563 ,233637",JHARKHAND,Senior Secondary
"KHALARI RANCHI DISTT JHARKHAND ,829205",31/03/2019,3430008,talk2ukp@gmail.com,U K Parashar,D A V CO-OPERATIVE SR SEC SCHOOL,"6531 ,246234",JHARKHAND,Senior Secondary
"NEW AG COLONY KADRU RANCHI JHARKHAND ,834002",31/03/2019,3430099,davkadru_402@yahoo.co.in,RAM BINOD SHARMA,D A V KAPIL DEV PUBLIC SCHOOL,"0651 ,655330",JHARKHAND,Senior Secondary
"C F R I P.O. F R I DHANBAD DISTT JHARKHAND ,828108",31/03/2018,3430028,nnsrivastavadnb@yahoo.com,N N SRIVASTAVA,D A V MODEL SCHOOL,"0326 ,2381158",JHARKHAND,Senior Secondary
"CENTRAL COLONY DHORI P O PHUSRO BAZAR BOKARO DISTT JHARKHAND ,829144",31/03/2020,3430029,dav_dhori@yahoo.com,SATYENDRA KUMAR,D A V PUBLIC SCHOOL,"6549 ,220249",JHARKHAND,Senior Secondary
"ARA KUJU AREA P O SARUBERA HAZARIBAGH DISTT JHARKHAND ,829134",31/03/2018,3430030,davarakuju@gmail.com,RAJESH KUMAR ROY,D A V PUBLIC SCHOOL,"6545 ,267170",JHARKHAND,Senior Secondary
"RAJRAPPA PROJECT P O HAZARIBAGH DISTT JHARKHAND ,829210",31/03/2020,3430031,davrrp@gmail.com,HIMANSHU KUMAR JHA,D A V PUBLIC SCHOOL,"0 ,9234300963",JHARKHAND,Senior Secondary
"SECTOR-III DHURWA RANCHI JHARKHAND ,834004",31/03/2020,3430018,davdhurwa4@gmail.com,Bindeshwar Choudhary,D A V PUBLIC SCHOOL,"0651 ,6560335",JHARKHAND,Senior Secondary
"KUSUNDA COLLIERY AREA 6 P O KUSUNDA DHANBAD DISTT JHARKHAND ,828116",31/03/2022,3430019,pplkusunda@gmail.com,UDAY SHANKAR PANDEY,D A V PUBLIC SCHOOL,"0326 ,2330025",JHARKHAND,Senior Secondary
"ACC JHINKPANI DISTT SINGHBHUM JHARKHAND ,833215",31/03/2018,3430049,rksinha68patna@gmail.com,R K SINHA,D A V PUBLIC SCHOOL,"0658 ,235254",JHARKHAND,Senior Secondary
"MOONIDIH PROJECT P O MOONIDIH DHANBAD JHARKHAND ,828129",31/03/2019,3430041,mpsinghmath@gmail.com,MAHENDRA PRASAD SINGH,D A V PUBLIC SCHOOL,"0326 ,2273337",JHARKHAND,Senior Secondary
"N T S BARKAKANA DISTT. RAMGARH, JHARKHAND ,829103",31/03/2021,3430069,urmilasingh.dav@gmail.com,URMILA SINGH,D A V PUBLIC SCHOOL,"091 ,8092196603",JHARKHAND,Senior Secondary
"ITKI ROAD PO HEHAL RANCHI JHARKHAND ,834005",31/03/2018,3430071,davhehalranchi@yahoo.com,TARA PADA PATI,D A V PUBLIC SCHOOL,"0651 ,6900480",JHARKHAND,Senior Secondary
"P O SAWANG COLLIERY DISTT. BOKARO JHARKHAND ,829128",31/03/2020,3430094,dav.sawang@gmail.com,Achyuta Nand Routaray,D A V PUBLIC SCHOOL,"6544 ,261228",JHARKHAND,Senior Secondary
"E C L RAJMAHAL AREA URJANAGAR PO MAHAGAMA DISTT. GODDA JHARKHAND ,814154",31/03/2019,3430095,davurjanagar@gmail.com,B P YADAV,D A V PUBLIC SCHOOL,"6437 ,228327",JHARKHAND,Senior Secondary
"CENTRAL COAL FIELDS LTD. GIRIDIH P.O. BANIADIH DISTT. GIRIDIH JHARKHAND ,815311",31/03/2020,3430074,davcclgrd@gmail.com,BHAIYA ABHINAV KUMAR,D A V PUBLIC SCHOOL,"6532 ,222307",JHARKHAND,Senior Secondary
"BARORA (BCCL) PO NAWAGARH DT DHANBAD JHARKHAND ,828306",31/03/2020,3430108,skdav1967@gmail.com,Sunil Kumar,D A V PUBLIC SCHOOL,"0326 ,2393652",JHARKHAND,Senior Secondary
"TAPIN NORTH (R R W) P.O. TAPIN DISTT. HAZARIBAGH JHARKHAND ,825326",31/03/2016,3430113,DAVPSTAPIN_NORTH@YAHOO.COM,DR RANI JAISWAL,D A V PUBLIC SCHOOL,"6546 ,231001",JHARKHAND,Senior Secondary
"p o 71 canary hill road hazaribagh jharkhand ,825301",31/03/2018,3430127,akumar267345@gmail.com,ASHOK KUMAR,d a v public school,"6546 ,260345",JHARKHAND,Senior Secondary
"MAHUDA P O MAHUDA DISTT DHANBAD JHARKHAND ,828305",31/03/2020,3430131,ashokamitgolu@gmai.com,ASHOK KUMAR SINGH,D A V PUBLIC SCHOOL,"0091 ,9234364809",JHARKHAND,Secondary School
"RMD(SAIL) PO GUA DISTT SINGHBHUM JHARKHAND ,833213",31/03/2009,3430120,n.pasayat.dav@gmail.com,NAGESWAR PASAYAT,D A V PUBLIC SCHOOL,"6596 ,263163",JHARKHAND,Senior Secondary
"R I T CAMPUS ADITYAPUR DISTT. SINGHBHUM WEST JHARKHAND ,831014",31/03/2022,3430139,opmishra709@gmail.com,OM PRAKASH MISHRA,D A V PUBLIC SCHOOL,"0657 ,2372782",JHARKHAND,Senior Secondary
"ALKUSA COLLIERY P O KUSUNDA DHANBAD JHARKHAND ,828116",31/03/2008,3430003,sanjayksinha.6216@gmail.com,SANJAY KUMAR SINHA,D A V PUBLIC SCHOOL,"0326 ,2332617",JHARKHAND,Senior Secondary
"PATRATU THERMAL POWER STATION PATRATU DISTT HAZARIBAGH JHARKHAND ,829119",31/03/2019,3430202,shivratnaprasad@gmail.com,SHIV RATNA PRASAD,D A V PUBLIC SCHOOL,"91 ,7781968215",JHARKHAND,Secondary School
"sect iv bokaro steel city bokaro distt jharkhand ,827004",31/03/2019,3430010,davbokaro@yahoo.co.in,ARUN KUMAR,d a v public school,"6542 ,232034",JHARKHAND,Senior Secondary
"KATHARA C C L P O KATHARA DISTT BOKARO JHARKHAND ,829116",31/03/2014,3430076,davkatharamk@gmail.com,DR MANOJ KUMAR,D A V PUBLIC SCHOOL,"6549 ,235346",JHARKHAND,Senior Secondary
"BARIATU ROAD RANCHI JHARKHAND ,834009",31/03/2020,3430117,vksranchi123@gmail.com,VIJAY KUMAR SINGH,D A V PUBLIC SCHOOL,"0651 ,2541191",JHARKHAND,Senior Secondary
"ECL CHITRA PO CHITRA VIA JAMTARA DISTT DISTT. B DEOGHAR JHARKHAND ,815351",31/03/2021,3430130,reajsingh89@gmail.com,AJAY KUMAR SINGH,D A V PUBLIC SCHOOL,"0 ,0",JHARKHAND,Senior Secondary
"GAYA ROAD, BABHNE ,825401",31/03/2021,3430280,syedejazahmed66@gmail.com,SYED EJAZ AHMED,D A V PUBLIC SCHOOL,"6541 ,254578",JHARKHAND,Secondary School
"VILL.- CHANDAGHASI, P.O.- TETARI, HATIA, P.S.- JAGGARNATHPUR, RANCHI-03. ,834003",31/03/2022,3430264,nilam.anant@gmail.com,NILAM SINGH,D.A.V. NAGESHWAR PUBLIC SCHOOL,"0651 ,6455442",JHARKHAND,Senior Secondary
"NEEMTOLI(BEHIND POLICE LINE), LOHARDAGA ROAD, DISTT GUMLA, JHARKHAND ,835207",31/03/2018,3430219,davgumla@gmail.com,DILIP KUMAR MAHATO,"D.A.V. PUBLIC SCHOOL, GUMLA","6524 ,9472785092",JHARKHAND,Senior Secondary
"D.A.V. PUBLIC SCHOOL SEC-VI, BOKARO STEEL CITY - 827 006 (JHARKHAND) ,827006",31/03/2021,3430244,neelkamalsinha@gmail.com,NEELKAMAL SINHA,"D.A.V. PUBLIC SCHOOL,SEC-VI","6542 ,068894",JHARKHAND,Senior Secondary
"ARGORA NAYA SARAI RAOD, PUNDAG TEH RATU RANCHI DISTT RANCHI JHARKHAND ,834004",31/03/2020,3430183,dr.ashokkumar190@gmail.com,ASHOK KUMAR,DAV ALOK PUBLIC SCHOOL,"0651 ,2243263",JHARKHAND,Senior Secondary
"PO Neori Vikas,Near BIT, Mesra ,835217",31/03/2016,3430289,davjh069@gmail.com,Mrs.Manju Roy Bhattacharya,"DAV International School , Mesra,Ranchi",",651-2544550",JHARKHAND,Secondary School
"BOOTY ROAD VILLAGE GARI UNDVI PS SADAR DISTT RANCHI JHARKHAND ,800018",31/03/2019,3430154,gkaur1961@gmail.com,GURMEET KAUR,DAV NANDRAJ PUBLIC SCHOOL,"0651 ,2545489",JHARKHAND,Senior Secondary
"GOKULPUR PAKUR DISTT PAKUR JHARKHAND ,816107",31/03/2019,3430152,dav_pakur@yahoo.com,VIJAY KUMAR,DAV PUBLIC SCHOOL,"6435 ,223399",JHARKHAND,Senior Secondary
"PO DUGDA DISTT BOKARO JHARKHAND ,828404",31/03/2020,3430146,davdugda@gmail.com,ANIL KUMAR PANDEY,DAV PUBLIC SCHOOL,"6549 ,244361",JHARKHAND,Senior Secondary
"KOYLA NAGAR DHANBAD JHARKHAND ,826005",31/03/2018,3430148,kcsdav@gmail.com,KAILASH CHANDRA SRIVASTAVA,DAV PUBLIC SCHOOL,"0326 ,2230715",JHARKHAND,Senior Secondary
"CONTRACTOR AREA ROAD NO. 4 BISTUPUR JAMSHEDPUR JHARKHAND ,831001",31/03/2019,3430135,principal@davbistupur.org,PRAGYA SINGH,DAV PUBLIC SCHOOL,"0657 ,2226745",JHARKHAND,Senior Secondary
"URIMARI SAYAL PO SAYAL DISTT HAZARIBAGH JHARKHAND ,829125",31/03/2022,3430172,davps.urimari@yahoo.com,UTTAM KUMAR ROY,DAV PUBLIC SCHOOL,"91 ,9431990125",JHARKHAND,Senior Secondary
"MANOHARPUR ORE MINE TISCO SAIL AT/PO CHIRIA SINGHBHUM JHARKHAND ,333106",31/03/2018,3430173,skj.dav@gmail.com,SANJAY KUMAR JHA,DAV PUBLIC SCHOOL,"6593 ,290008",JHARKHAND,Secondary School
"GANDHI NAGAR CCL RANCHI JHARKHAND ,834008",31/03/2019,3430103,davgandhinagar@gmail.com,SUNIL KUMAR SINHA,DAV PUBLIC SCHOOL,"0651 ,2231183",JHARKHAND,Senior Secondary
"KEDLA CCL P O KEDLA DISTT HAZARIBAGH JHARKHAND ,825325",31/03/2020,3430105,npyadav1963@gmail.com,NAKUL PRASAD YADAV,DAV PUBLIC SCHOOL,"0 ,9234300971",JHARKHAND,Senior Secondary
"TENUGHAT THERMAL POWER STATION P.O.LALPANIA DISTT.BOKARO JHARKHAND ,829149",31/03/2019,3430106,jhaarun001@gmail.com,ARUN KUMAR JHA,DAV PUBLIC SCHOOL,"0654 ,4225453",JHARKHAND,Senior Secondary
"TISCO P.O. NOAMUNDI DISTT SINGHBHUM (WEST) JHARKHAND ,833217",31/03/2020,3430056,tkmishra20@gmail.com,TARUN KUMAR MISHRA,DAV PUBLIC SCHOOL,"6596 ,233003",JHARKHAND,Senior Secondary
"SUR VIHAR COLONY PIPARWAR AREA CCL PO BACHRA DISTT CHATRA JHARKHAND ,829201",31/03/2022,3430185,davrajeevranjan@gmail.com,RAJEEV RANJAN JHA,DAV PUBLIC SCHOOL,"6531 ,260376",JHARKHAND,Senior Secondary
"AT TUKYPANI SIMDEGA PO PONDRIPURI DISTT SIMDEGA JHARKHAND ,835223",31/03/2022,3430178,anilmath.88@rediffmail.com,ANIL KUMAR SINHA,DAV PUBLIC SCHOOL,"6525 ,290076",JHARKHAND,Senior Secondary
"NEAR SDO OFFICE, G.T ROAD, BARHI ,825405",31/03/2019,3430330,ashokkumarsingh7211@gmail.com,ASHOK KUMAR SINGH,DAV PUBLIC SCHOOL,"6543 ,266587",JHARKHAND,Secondary School
"Tenughat Dam PO - Tenughat, Dist.-Bokaro ,829123",31/03/2020,3430319,davps_tenughat@rediffmail.com,ARCHANA MISHRA,"DAV Public School,","0654 ,230460",JHARKHAND,Senior Secondary
"Rangamatia, Sindri Dhanbad ,828122",31/03/2020,3430246,ashutoshmairh@gmail.com,ASHUTOSH KUMAR,"DAV Public School,","0326 ,2350333",JHARKHAND,Senior Secondary
"P.O.-Gidi-A, CCL, Argada Area. ,829108",31/03/2020,3430222,davpublicschoolgidia@rediffmail.com,MANOJ KUMAR SINHA,"DAV Public School,","91 ,9234368481",JHARKHAND,Senior Secondary
"AT/PO-TOPA COLLIERY, DISTT. RAMGARH (HAZARIBAGH), STATE-JHARKHAND ,825330",31/03/2018,3430310,davtopa2012@gmail.com,RAJENDRA PRASAD,"DAV PUBLIC SCHOOL, TOPA","0 ,9234368480",JHARKHAND,Secondary School
"Maheshpur Raj,Maheshpur,Dist-Pakur,Jharkhand, Pin-816106 ,816106",31/03/2021,3430370,davmaheshpur@gmail.com,MR.SANJEEV KUMAR MISHRA,"DAV PUBLIC SCHOOL,MAHESHPUR",",06423-228541",JHARKHAND,Secondary School
"Dayanand Adarsh Vidyalaya, P.O - Koriya, P.S - Chandankiyari, Jharkhand ,828134",31/03/2021,3430371,Davkoriya1@gmail.com,MR. SATYENDRA KUMAR OJHA,Dayanand Adarsh Vidyalaya,",06542-234012",JHARKHAND,Secondary School
"umesh nagar, chandil bhadubih p.o seraikela kheswan chandil. ,832401",31/03/2019,3430214,mary_tom@rediffmail.com,MARYKUTTY THOMAS,dayawati modi public school,"6591 ,232536",JHARKHAND,Senior Secondary
"ROAD NO. 23,FARM AREA, KADMA ,831005",31/03/2022,3430266,buglimeena@gmail.com,MEENA BUGLI,DBMS KADMA HIGH SCHOOL,"0657 ,2310239",JHARKHAND,Senior Secondary
"NEAR TV TOWER BARKAGAON ROAD, HAZARIBAG,825301 ,825301",31/03/2018,3430317,dpshazaribag@gmail.com,RENU KUMARI SINHA,DELHI PUBLIC SCHOOL,"0654 ,223470",JHARKHAND,Secondary School
"TURIABERA, POST BHILAI PAHARI, MANGO THANA MGM, JAMSHEDPUR JHARKHAND ,831012",31/03/2020,3430184,dpsjsr.in@gmail.com,KIRANDEO SINGH,DELHI PUBLIC SCHOOL,"0657 ,2942873",JHARKHAND,Senior Secondary
"KARMIK BHAWAN DHANBAD (POST OFFICE ISM) DISTT DHANBAD JHARKHAND ,826004",31/03/2020,3430052,kbbhargava59@gmail.com,KUL BHUSHAN BHARGAVA,DELHI PUBLIC SCHOOL,"0326 ,2203259",JHARKHAND,Senior Secondary
"S A I L TOWN SHIP P O DHURWA RANCHI JHARKHAND ,834004",31/03/2023,3430053,rs1224@rediffmail.com,RAM SINGH,DELHI PUBLIC SCHOOL,"0651 ,2441176",JHARKHAND,Senior Secondary
"sect iv boko steel city distt bokaro jharkhand ,827004",31/03/2019,3430044,bko.hsm@gmail.com,HEMLATA S MOHAN,delhi public school,"6542 ,233544",JHARKHAND,Senior Secondary
"CHANDANKYARI ROAD ,827013",31/03/2021,3430369,rao.krishnadlj@gmail.com,Mr.K KRISHNA RAO,"DELHI PUBLIC SCHOOL, CHAS",",9204060521",JHARKHAND,Secondary School
"NEAR NEW POLICE LINE, MALIPARA, PAKUR - 816107 ,816107",31/03/2020,3430354,bm9kolkata@gmail.com,BIBHUDATTA MOHANTY,"DELHI PUBLIC SCHOOL, PAKUR","6435 ,223690",JHARKHAND,Secondary School
"p.o. devsangha bompas town b. deoghar jharkhand ,814114",31/03/2019,3430126,dsnsdeoghar@gmail.com,PANKAJ KUMAR,devsangha national school,"6432 ,292205",JHARKHAND,Senior Secondary
"BHULI ROAD BYE PASS B POLYTECHNIC DHANBAD ,828130",31/03/2019,3430145,tksinha_dcs@rediffmail.com,T K SINHA,DHANBAD CITY SCHOOL,"0326 ,9234302209",JHARKHAND,Senior Secondary
"GOVINDPUR ROAD(NEAR BHUIPORE MANDIR) P.O. K G ASHRAM DHANBAD JHARKHAND ,828109",31/03/2019,3430086,principaldps1989@gmail.com,SHARDA MAHAJAN,DHANBAD PUBLIC SCHOOL,"0326 ,9204794995",JHARKHAND,Senior Secondary
"PO.O. NAGNAGAR, ,826004",31/03/2022,3430242,principal.kkmdps@gmail.com,Purnima Sil,"DHANBAD PUBLIC SCHOOL,HIRAK BR","0326 ,9234301915",JHARKHAND,Secondary School
"AT+PO-GANGPACHO,PS-BARKATHA,DIST-HAZARIBAGH ,825323",31/03/2021,3430325,dpsbarkatha@gmail.com,MR.KAMLESH KUMAR,DIVINE PUBLIC SCHOOL,"6543 ,06543210092,",JHARKHAND,Senior Secondary
"VILL-RAMKANALI, P.O- NIRSHA, CITY-DHANBAD, NIRSHA ,828205",31/03/2018,3430316,donboscoramkanali@gmail.com,L BHASKAR RAO,DON BOSCO,"0 ,9204064582",JHARKHAND,Secondary School
"KUSUM VIHAR KOYLA NAGAR DHANBAD JHARKHAND ,826005",31/03/2017,3430115,doon_sunil@yahoo.co.in,BINOD KUMAR SINGH,DOON PUBLIC SCHOOL,"0326 ,2230713",JHARKHAND,Senior Secondary
AT,31/03/2020,3430306,bhabhapublicschool@gmail.com,AJAY KUMAR CHOUDHARY,DR. BHABHA PUBLIC SCHOOL,"6554 ,210020",JHARKHAND,Senior Secondary
"At-Bishunpur p.o-B Polytechnic Dist-Dhanbad ,828130",31/03/2022,3430291,dmfacademy@gmail.com,VANDANA VIHAR,Dwarika memorial foundation academy,"0326 ,9234134797",JHARKHAND,Secondary School
"at- tisinduri, post- khutpani, dist-west singhbhum, jharkhand- 833 204 ,",31/03/2020,3420002,,.,eklavya model residential school,",",JHARKHAND,Secondary School
"at- kathijia, post- kathijia, dist.- dumka, jharkhand- 814101 ,",31/03/2020,3420001,,.,eklavya model residential school,",",JHARKHAND,Secondary School
"Chianki, Medininagar ,822101",31/03/2019,3430233,epsasharps@rediffmail.com,AMARNATH,Elite Public School,"6562 ,2232165",JHARKHAND,Senior Secondary
"AT KESARGARIA, PS- RAJNAGAR, CHALIYAMA, JHARKHAND 833201 ,833201",31/03/2020,3430348,EPSCBSA@GMAIL.COM,Misssheela,ESTEEM PUBLIC SCHOOL,"01663 ,06582-255162",JHARKHAND,Secondary School
"5 MAIN ROAD NEAR RAILWAY BRIDGE RANCHI JHARKHAND ,834001",31/03/2022,3430209,fpsranchi@rediffmail.com,ANAND KUMAR DWIVEDI,FIRAYALAL PUBLIC SCHOOL,"0651 ,2208260",JHARKHAND,Senior Secondary
"JAIL ROAD EAST DISTT RANCHI, JHARKHAND ,834001",31/03/2020,3430039,principalgnhranchi@gmail.com,SUTAPA PAUL,G & H HIGH SCHOOL,"0651 ,2273120",JHARKHAND,Senior Secondary
"BANSHIIH,CHAS, ,827013",31/03/2020,3430344,bkscbhu@rediffmail.com,BINAY KUMAR SINGH CHOUDHARY,GAURAV AWASIYA UCHYA VIDALAY,"6542 ,265211",JHARKHAND,Secondary School
"TATISILWAI RANCHI JHARKHAND ,835103",31/03/2014,3430194,sumansahi1432@gmail.com,SEVA SHAHI,GAUTAM BUDDHA INTERNATIONAL SCHOOL,"0651 ,2265465",JHARKHAND,Secondary School
"AT & PO ADITYAPUR JAMESHEDPUR JHARKHAND ,831013",31/03/2018,3430196,info@superinternationalschool.com,DR NEELAM SINGH,GAYATRI SHIKSHA NIKETAN,"0657 ,2370086",JHARKHAND,Senior Secondary
"BHANDAR KOLA SATAR ROAD B DEOGHAR JHARKHAND ,814112",31/03/2018,3430162,pplramesh@rediffmail.com,RAMESH CHANDRA SHARMA,GEETA DEVI DAV PUBLIC SCHOOL,"6432 ,292286",JHARKHAND,Senior Secondary
"NAWADIH, PO-B.POLYTECHNIC, DHANBAD, JHARKHAND ,828130",31/03/2020,3430235,raviom07@rediffmail.com,RAVI PRAKASH TIWARY,GGCET ST XAVIERS INTERNATIONAL SCHOOL,"0326 ,6451349",JHARKHAND,Senior Secondary
"AT TAMULIA P.O. MANGO JAMSHEDPUR JHARKHAND ,831012",31/03/2021,3430114,sunitasinha.gvt@gmail.com,SUNITA SINHA,GOVIND VIDYALAYA,"0657 ,2943376",JHARKHAND,Senior Secondary
"arga kathal me road, dhipatoli, pundag ,834002",31/03/2017,3430241,GRKSCHOOL@GMAIL.COM,TAPATI SARKAR,"govindram kataruka school,","0651 ,2205505",JHARKHAND,Senior Secondary
"BAKSHI DIPA LOHARDAGA, JHARKHAND ,835302",31/03/2019,3430218,greatertrivenip.s@gmail.com,Sunita Chittora,GREATER TRIVENI PUBLIC SCHOOL,"0651 ,2234342",JHARKHAND,Senior Secondary
"PREM NAGAR HESAG PO HATIA RANCHI JHARKHAND ,834003",31/03/2019,3430160,singh.pallavi70@gmail.com,PALLAVI SINGH,GREENLAND PUBLIC SCHOOL,"0651 ,6455443",JHARKHAND,Senior Secondary
"POST TALAIYA DEM DISTT KODURMA JHARKHAND ,825413",31/03/2022,3430156,principal@grizzlyvidyalaya.com,RAJEEV KUMAR SINGH,GRIZZLY VIDYALAYA,"6534 ,235096",JHARKHAND,Senior Secondary
"JODADIH MORE, CHAS BOKARO STEEL CITY CHAS, DISTT BOKARO JHARKHAND ,827013",31/03/2019,3430208,ggpschas@rediffmail.com,JOSE THOMAS,GURU GOBIND SINGH PUBLIC SCHOOL,"6542 ,265655",JHARKHAND,Senior Secondary
"DHANBAD JHARKHAND ,826001",31/03/2018,3430210,principalggpsdhn@gmail.com,UMAKANT BARAL,GURU GOBIND SINGH PUBLIC SCHOOL,"0326 ,2301035",JHARKHAND,Senior Secondary
"KAMRE RATU ROAD RANCHI ,835222",31/03/2019,3430328,shabnamjleo@gmail.com,Shabnam Prasad,GURU GOBIND SINGH PUBLIC SCHOOL,"0651 ,6572228",JHARKHAND,Secondary School
"SECTOR V BOKARO STEEL CITY BOKARO JHARKHAND ,827006",31/03/2020,3430040,dey.subhodip@yahoo.com,SUBHODIP DEY,GURU GOVIND SINGH PUBLIC SCHOOL,"6542 ,268589",JHARKHAND,Senior Secondary
"GURU NANAK PURA PEPE COMPOUND RANCHI JHARKHAND ,834001",31/03/2019,3430005,ml.midha@gmail.com,MANOHAR LAL,GURU NANAK HR. SEC SCHOOL,"0651 ,2330996",JHARKHAND,Senior Secondary
"NEAR HOME GUARD TRAINING CENTRE PO CHIANKI DALTONGANJ SADAR DALTONGANJ PALAMAU JHARKHAND ,822133",31/03/2022,3430205,janasamarjit@gmail.com,SAMARJIT JANA,HERITAGE INTERNATIONAL SCHOOL,"6562 ,9308009619",JHARKHAND,Senior Secondary
"ITKI ROAD, BEHIND I.T.I (BUS STAND), HEHAL, RANCHI, JHARKHAND ,834005",31/03/2020,3430359,schoolhcps@gmail.com,Mrs.ARTI R. DAYAL,HOLY CHILD PUBLIC SCHOOL,",0651 3298879",JHARKHAND,Secondary School
"bokaro steel city bokaro distt jharkhand ,827010",31/03/2019,3430012,srkamalapaulhc@gmail.com,SR KAMALA PAUL BIHARI,holy cross school,"6542 ,253543",JHARKHAND,Senior Secondary
"GHATOTAND WEST BOKARO DT.HAZARIBAGH JHARKHAND ,825314",31/03/2023,3430055,holycross_tisco@yahoo.co.in,Sister Kamala Paul,HOLY CROSS SCHOOL,"6545 ,260078",JHARKHAND,Senior Secondary
"Chandankiyari, Bokaro p.o-chandankiyari ,pin-828124 dist-Bokaro, state-Jharkhand ,828124",31/03/2023,3430283,simonkiran@gmail.com,Kirthi Kiran,Holy Cross School,"6542 ,9279743663",JHARKHAND,Senior Secondary
"Holy Cross Road, Opp. PTC Ground Hazaribag ,825301",31/03/2019,3430304,simonkiran@gmail.com,Kirthi Kiran,Holy Cross School,"0654 ,272337",JHARKHAND,Senior Secondary
"Holy Cross School Pachamba PO Giridih District ,815316",31/03/2020,3430360,srjancyhc@gmail.com,JANCYMOL MATHEW,Holy Cross School,"6532 ,226493",JHARKHAND,Secondary School
"HAZARI BAGH JHARKHAND ,825301",31/03/2020,3430035,shalet05@gmail.com,SISTER SHALET,HOLY CROSS VOCATIONAL TRAINING INSTITUTE,"6546 ,224773",JHARKHAND,Senior Secondary
"PO KATRASGARH DISTT DHANBAD JHARKHAND ,828114",31/03/2019,3430170,vijayaroy2012@gmail.com,VIJAYA ROY,HOLY MOTHER'S ACADEMY,"0 ,8539836602",JHARKHAND,Senior Secondary
At,31/03/2021,3430282,principal.hhts@gmail.com,Anita Sinha,Honey Holy Trinity School,"6532 ,226529",JHARKHAND,Secondary School
"BHULI DHANBAD JHARKHAND ,828104",31/03/2022,3430091,sksingh5410@gmail.com,SHAILENDRA KUMAR SINGH,IMPERIAL SCHOOL OF LEARNING,"0326 ,6555519",JHARKHAND,Senior Secondary
"MITRA GARDEN ROHINI ROAD JASIDIH,DEOGHAR, JHARKHAND ,814142",31/03/2019,3430285,indianheritageschooldeoghar@gmail.com,MOON GUPTA,INDIAN HERITAGE SCHOOL,"6432 ,291961",JHARKHAND,Senior Secondary
"SUDAMDIH P O SUDAMDIH PROJECT DHANBAD DISTT JHARKHAND ,828126",31/03/2018,3430034,isljks@rediffmail.com,JUGAL KUMAR SARKAR,INDIAN SCHOOL OF LEARNING,"0326 ,2383141",JHARKHAND,Senior Secondary
"KATRAS MORH P O JHARIA DHANBAD DISTT JHARKHAND ,828111",31/03/2022,3430009,isljharia1@gmail.com,HEMANT KUMAR THAKUR,INDIAN SCHOOL OF LEARNING SR SEC SCH,"0326 ,2460532",JHARKHAND,Senior Secondary
"KANKE ROAD RANCHI JHARKHAND ,834006",31/03/2020,3430167,prskmishra@gmail.com,S K MISHRA,INTERNATIONAL PUBLIC SCHOOL,"91 ,9523953758",JHARKHAND,Senior Secondary
"Korrah, Hazaribagh ,825301",31/03/2022,3430301,surobhiroy00@gmail.com,SUROBHI ROY,JACK AND JILL SCHOOL,"6546 ,224223",JHARKHAND,Secondary School
"PANCHAVATI ROAD NEW BARIDIH JAMSHEDPUR JHARKHAND ,831017",31/03/2019,3430051,namiagar@gmail.com,NAMITA AGARWAL,JAMSHEDPUR PUBLIC SCHOOL,"0657 ,2285002",JHARKHAND,Senior Secondary
"Near Pagal Baba Ashram, Rohini Road, Jasidih, Deoghar, Jharkhand ,814142",31/03/2018,3430284,MAIL@JASIDIHPUBLICSCHOOL.COM,BHARTENDU,Jasidih Public School,"6432 ,9204209631",JHARKHAND,Secondary School
"RIKHIYA DISTT. DEOGHAR JHARKHAND-814113 ,814113",31/03/2020,3440013,dubey_1963@rediffmail.com,S K DUBEY,JAWAHAR NAVODAYA VIDYALAYA,"0643 ,290745",JHARKHAND,Senior Secondary
"PAUTA PO CHANDWAR VIA KORRA DISTT HAZARIBAGH JHARKHAND ,825301",31/03/2022,3440012,akishoreprasad@yahoo.com,A K PRASAD,JAWAHAR NAVODAYA VIDYALAYA,"6548 ,285805",JHARKHAND,Senior Secondary
"BENAGARIA VIA NIRSA, DHANBAD, JHARKHAND ,828205",31/03/2010,3440017,shashikrsinha1965@gmail.com,SHASHI KUMAR SINHA,JAWAHAR NAVODAYA VIDYALAYA,"91 ,9430351509",JHARKHAND,Senior Secondary
"MASARIA DAM GHAGHRA DISTT GUMLA JHARKHAND ,835208",31/03/2021,3440001,scpandajnv@gmail.com,SUBASH CHANDRA PANDA,JAWAHAR NAVODAYA VIDYALAYA,"6423 ,290636",JHARKHAND,Senior Secondary
"B I T MESRA RANCHI JHARKHAND ,835215",31/03/2021,3440002,dkmodi42@rediffmail.com,DIPAK KUMAR MODI,JAWAHAR NAVODAYA VIDYALAYA,"0651 ,2271836",JHARKHAND,Senior Secondary
"HANSDIHA DUMKA JHARKHAND ,814145",31/03/2018,3440003,jnvdumka2011@gmail.com,Devendra Kumar,JAWAHAR NAVODAYA VIDYALAYA,"6431 ,248110",JHARKHAND,Senior Secondary
"VILLAGE-SIJULATA P.O. B.KUTUNG VIA TATA NAGAR DISTT SERAIKEL,-KHARSAWAN JHARKHAND ,831002",31/03/2009,3440004,sanjayjha1963@gmail.com,sanjay Kumar Jha,JAWAHAR NAVODAYA VIDYALAYA,"0657 ,2745249",JHARKHAND,Senior Secondary
"P O LATEHAR DISTT PALAMAU JHARKHAND ,829206",31/03/2024,3440005,bkm158@yahoo.com,BINOD KUMAR MANDAL,JAWAHAR NAVODAYA VIDYALAYA,"6565 ,9470192100",JHARKHAND,Senior Secondary
"LALMATIA DHANKUNDA PO BARA SIMRA DISTT GODDA JHARKHAND ,814165",31/03/2018,3440006,dinesh_bdk1963@rediffmail.com,DINESH KUMAR,JAWAHAR NAVODAYA VIDYALAYA,"0 ,9798385047",JHARKHAND,Senior Secondary
"JOGNA P.O. SENGA VIA KURU DT. LOHARDAGA JHARKHAND ,835304",31/03/2020,3440007,psbarajnvr@gmail.com,PUNAM SUNITA BARA,JAWAHAR NAVODAYA VIDYALAYA,"6526 ,275571",JHARKHAND,Senior Secondary
"NAVODAYA GRAM AT & PO GANDEY DISTT GIRIDIH JHARKHAND ,815312",31/03/2015,3440008,sthiyagarajan_jnv@rediffmail.com,S THIYAGARAJAN,JAWAHAR NAVODAYA VIDYALAYA,"6532 ,239235",JHARKHAND,Senior Secondary
"NEAR SIDHO KANHO STADIUM P O &DISTT SAHIBGANJ JHARKHAND ,816109",31/03/2015,3440009,jnvsahibganj@gmail.com,M S HUSSAIN,JAWAHAR NAVODAYA VIDYALAYA,"0643 ,222778",JHARKHAND,Senior Secondary
"AT & PO TENUGHAT NO.1 DISTT BOKARO JHARKHAND ,829123",31/03/2014,3440010,udayprakashsingh1962@gmail.com,UDAY PRAKASH SINGH,JAWAHAR NAVODAYA VIDYALAYA,"6549 ,230611",JHARKHAND,Senior Secondary
"P O CHATRA CHATRA DISTT. JHARKHAND ,825401",31/03/2019,3440011,jnvchatra2@gmail.com,DAVESH NARAYAN,JAWAHAR NAVODAYA VIDYALAYA,",7079294105",JHARKHAND,Senior Secondary
"ANNARAJ NAWADIH DISTT GARWHA JHARKHAND ,822114",31/03/2020,3440014,mr.cbpg@gmail.cpm,CHANDRA BHUSHAN PRASAD GUPTA,JAWAHAR NAVODAYA VIDYALAYA,"6561 ,290531",JHARKHAND,Senior Secondary
"BALI KUDIA, PO CHOOTA PARULIA, DISTT EAST SINGHBHUM JHARKHAND ,832101",31/03/2018,3440015,dennison1803@gmail.com,Y DENNISON,JAWAHAR NAVODAYA VIDYALAYA,"6594 ,252210",JHARKHAND,Senior Secondary
"LOKAI DISTT KODERMA JHARKHAND ,825410",31/03/2022,3440016,WWW.SATISHMASARIA@GMAIL.COM,SATISH KUMAR,JAWAHAR NAVODAYA VIDYALAYA,"6534 ,292147",JHARKHAND,Senior Secondary
"PALTONGA POST DALTONGANJ DISTT PALAMAU JHARKHAND ,822101",31/03/2021,3440018,naeem.md@rediffmail.com,MD NAEEM,JAWAHAR NAVODAYA VIDYALAYA,"6562 ,222456",JHARKHAND,Secondary School
"at. taliyapokhar,po rolagram, ps maheshpur, distt pakur, jharkhand ,816106",31/03/2019,3440019,sharmatn2@gmail.com,TARKESHWAR NATH SHARMA,jawahar navodaya vidyalaya,"0642 ,3291500",JHARKHAND,Senior Secondary
"WEST SINGHBHUM, VILLAGE BISTUMPUR, POST SURYABASA,VIA JHIKPANI, DISTT WEST SINGHBHUM JHARKHAND ,833215",31/03/2021,3440020,jnvwestsinghbhum@gmail.com,Awadhesh Kumar Mahto,JAWAHAR NAVODAYA VIDYALAYA,"6582 ,8863933542",JHARKHAND,Senior Secondary
"AT BANO ROAD KOLEBIRA, P.O. KOLEBIRA, DISTT. SIMDEGA, JHARKHAND ,835211",31/03/2019,3440021,BPGUPTA1964@GMAIL.COM,BHUWANESHWAR PRASAD GUPTA,JAWAHAR NAVODAYA VIDYALAYA,"6527 ,9009784311",JHARKHAND,Senior Secondary
"TANBAJORE, PO-GUHIYOJORL, JAMTARA,JHARKHAND ,815351",31/03/2019,3440022,swastikakund812@gmail.com,SWASTIKA KUND,JAWAHAR NAVODAYA VIDYALAYA,"6433 ,09470591222",JHARKHAND,Senior Secondary
"JAPLA, PALAMU JHARKHAND ,822116",31/03/2019,3440023,mpandeyjnvr@gmail.com,MITHILESH PANDEY,JAWAHAR NAVODAYA VIDYALAYA-II,"6566 ,9470977146",JHARKHAND,Secondary School
"AT SEELAMPUR, PO MAHESHPUR DISTT. PAKUR II, JHARKHAND ,816107",31/03/2014,3440024,,DEBRAJ DWIVEDI,JAWAHAR NAVODAYA VIDYALYA,"03822 ,09471584837",JHARKHAND,Secondary School
"SHYAMALI RANCHI P.O. HINOO JHARKHAND ,834002",31/03/2021,3430004,ajayrajy.1@gmail.com,AJAYA KUMAR SINGH,JAWAHAR VIDYA MANDIR,"0651 ,2411221",JHARKHAND,Senior Secondary
"DIGWADIH NO. 12 PO PATHERDIH DHANBAD DISTT JHARKHAND ,828119",31/03/2017,3430033,reach2rchy@gmail.com,Runa Dubey,JAWAHARLAL NEHRU MEMORIAL SCHOOL,"0326 ,2380739",JHARKHAND,Senior Secondary
"P.O. Balipaur ,828201",31/03/2020,3430352,principal.jpsb@gmail.com,KALPANA SARKAR,Jharkhand Public School,"91 ,9204064800",JHARKHAND,Secondary School
"P O JITPUR DHANBAD DISTT JHARKHAND ,828108",31/03/2019,3430027,anitaverma828309@gmail.com,ANITA VERMA,JITPUR ACADEMY,"0326 ,2320363",JHARKHAND,Secondary School
"Dispensary Road, South Park , Bistupur, Distt East Singhbhum, Jharkhand ,831001",31/03/2019,3430275,principal.jssp@jemfoundation.in,SHOVNA DE,Jusco School,"0657 ,2317365",JHARKHAND,Senior Secondary
"Near Rankani Mandir, Road no -23 , Kadma ,831005",31/03/2021,3430288,principal.jsk@jemfoundation.in,Jhumjhumi Nandi,Jusco School,"0657 ,6503045",JHARKHAND,Secondary School
Village,31/03/2022,3430258,rakeshkumarkdis@gmail.com,RAKESH KUMAR,K.D. International School,"0 ,9771805450",JHARKHAND,Senior Secondary
"MAHATMA GANDHI NAGAR PO JHUMRITDAIYA DISTT KODERMA JHARKHAND ,825409",31/03/2020,3430199,krsvm_cbsetelaiya@rediffmail.com,AMARENDRA NARAYAN DUTTA,KAILASH RAI SARASWATI VIDYA MANDIR,"6534 ,225856",JHARKHAND,Senior Secondary
"SECTOR II HEC TOWNSHIP RANCHI JHARKHAND ,834004",31/03/2018,3430042,jacobcjin@yahoo.com,Jacob C J,KAIRALI SCHOOL,"0651 ,2442484",JHARKHAND,Senior Secondary
"SAKCHI PO SAKCHI JAMSHEDPUR JHARKHAND ,831001",31/03/2017,3430143,principal.khs@jemfoundation.in,FRANCIS JOSEPH,KASIDIH HIGH SCHOOL,"0657 ,2428165",JHARKHAND,Senior Secondary
"(GIRLS HIGH SCHOOL) P O DHORI DISTT BOKARO JHARKHAND ,825102",31/03/2018,3430073,srvastavam18@gmail.com,MAMTA SRIVASTAVA,KASTURBA SHREE VIDYA NIKETAN,"6549 ,220495",JHARKHAND,Secondary School
"GODDA, HIGH SCHOOL CAMPUS, DISTT. GODDA, JHARKHAND ,814133",31/03/2020,3400034,ldsabhi@gmail.com,LALDHAR S YADAV,KENDRIYA VIDYALAYA,"0642 ,2223998",JHARKHAND,Senior Secondary
"KOYALANAGAR B C C L TOWNSHIP P O KOYALANAGAR DHANBAD JHARKHAND ,826005",31/03/2002,3400011,helpdesk@xeenet.xeedhn.xeemail.com,M RRADHAKRISHNAN,KENDRIYA VIDYALAYA,",5406",JHARKHAND,Senior Secondary
"BARKAKANA DISTT. RAMGARH, JHARKHAND ,829102",31/03/2018,3400024,ukumar180@gmail.com,UMESH KUMAR,KENDRIYA VIDYALAYA,"0655 ,255115",JHARKHAND,Senior Secondary
"BHURKUNDA, P.O. N.T.S. BARKAKANA, GHUTUWA, DISTT. RAMGARH, JHARKHAND ,829103",31/03/2014,3400029,kvsmkhalkho@gmail.com,MASIDHANI KHALKHO,KENDRIYA VIDYALAYA,"6553 ,254019",JHARKHAND,Secondary School
"GARHWA, PIPRA KALA, GAYATRI NAGAR, GARHWA, JHARKHAND ,829103",31/03/2014,3400030,kvgarhwab64@gmail.com,SANDHYA REKHA MINZ,KENDRIYA VIDYALAYA,"6561 ,222336",JHARKHAND,Secondary School
"LATEHAR, NEAR GANDHI INTER COLLEGE, LATEHAR, JHARKHAND ,829206",31/03/2019,3400032,anuradha.kujur@rediffmail.com,ANURADHA KUJUR,KENDRIYA VIDYALAYA,"0656 ,5290004",JHARKHAND,Senior Secondary
"NEAR RAILWAY STATION PO GOMOH DT DHANDBAD JHARKHAND ,828401",31/03/2011,3400022,pchandrakvg@gmail.com,PREM CHANDRA,KENDRIYA VIDYALAYA,"0326 ,2472318",JHARKHAND,Senior Secondary
"DUGDA COAL WASHERY P.O. DUGDA DISTT. BOKARO JHARKHAND ,828404",31/03/2001,3400023,helpdesk@xeenet.xeedhn.xeemail.com,MR N C MANI,KENDRIYA VIDYALAYA,"0326 ,P&T 227",JHARKHAND,Senior Secondary
"CRPF DHRUWA RANCHI JHARKHAND ,834004",31/03/2010,3400025,symurugesh77@gmail.com,KARUPPIAH MURUGESHWARAN,KENDRIYA VIDYALAYA,"0651 ,767791180",JHARKHAND,Senior Secondary
"SURDA GHATSILA EAST SINGHBHUM JHARKHAND ,832303",31/03/2017,3400026,bishwanath.hansdah@yahoo.in,BISHWANATH HANSDAH,KENDRIYA VIDYALAYA,"6585 ,265412",JHARKHAND,Senior Secondary
"patratu po diesel colony patratu hazaribagh distt jharkhand ,829120",31/03/2019,3400012,prinkvptigga@gmail.com,SHANTI TIGGA,kendriya vidyalaya,"6553 ,286808",JHARKHAND,Senior Secondary
"DIPATOLI P.O. RMCH RANCHI JHARKHAND ,834009",31/03/2013,3400013,dtirkey.pplkvnr@gmail.com,DANIEL TIRKEY,KENDRIYA VIDYALAYA,"0651 ,2265292",JHARKHAND,Senior Secondary
"BHULI TOWNSHIP SRAMIK NAGAR DHANBAD JHARKHAND ,828104",31/03/2000,3400014,helpdesk@xeenet.xeedhn.xeemail.com,P C MISHRA,KENDRIYA VIDYALAYA,",2535",JHARKHAND,Senior Secondary
"D V C BOKARO THERMAL BOKARO DISTT JHARKHAND ,829107",31/03/2019,3400015,dkumarkvs@gmail.com,DINESH KUMAR,KENDRIYA VIDYALAYA,"6549 ,266785",JHARKHAND,Senior Secondary
"CCL RAJENDRA NAGAR COLONY P O HEHAL RATU ROAD RANCHI JHARKHAND ,834005",31/03/2021,3400016,rabindrakumarkvs@gmail.com,RABINDRA KUMAR,KENDRIYA VIDYALAYA,"0651 ,6520330",JHARKHAND,Senior Secondary
"MAITHON DAM DHANBAD DISTT JHARKHAND ,828207",31/03/2008,3400017,way2jmppl@gmail.com,JOSEPH MUNDU,KENDRIYA VIDYALAYA,"654 ,274379",JHARKHAND,Senior Secondary
"B C C L GOVINDPUR AREA P O TUNDOO DHANBAD JHARKHAND ,828128",31/03/2000,3400018,helpdesk@xeenet.xeedhn.xeemail.com,V N CHATURVEDI,KENDRIYA VIDYALAYA,",72247",JHARKHAND,Secondary School
"CHAKRADHARPUR P O CHAKRADHARPUR SINGHBHUM JHARKHAND ,833102",31/03/2009,3400019,savitrikumari552@gmail.com,savitri kumari,KENDRIYA VIDYALAYA,"6587 ,238104",JHARKHAND,Senior Secondary
"NAMKUM RANCHI JHARKHAND ,834010",31/03/2020,3400020,veenatirkey10@gmail.com,VEENA TIRKEY,KENDRIYA VIDYALAYA,"0651 ,2260171",JHARKHAND,Senior Secondary
"AT ADIWASI BALIKA CHHATRAWAS, SAMTOLI, P.O. GOTRA, DISTT. SIMDEGA, JHARKHAND ,835235",31/03/2021,3400031,jhakumarbijay@gmail.com,Bijay Kumar Jha,KENDRIYA VIDYALAYA,"6525 ,226385",JHARKHAND,Senior Secondary
"girls high school campus, new town, jamtara, jharkhand ,815351",31/03/2019,3400033,gkpatralekh@gmail.com,Gautam Kumar Patralekh,kendriya vidyalaya,"0643 ,3223561",JHARKHAND,Senior Secondary
"MADHUPUR, DISTT. DEOGHAR, JHARKHAND ,815353",31/03/2021,3400035,apmishra642@gmail.com,ANIRUDDHA PRASAD MISHRA,KENDRIYA VIDYALAYA,"0634 ,241200",JHARKHAND,Senior Secondary
"SAHIBGANJ, HABIBPUR, DISTT. SAHIBGANJ, JHARKHAND ,816109",31/08/2020,3400037,jeeverma@yahoo.in,JEEVAN VERMA,KENDRIYA VIDYALAYA,"6436 ,225122",JHARKHAND,Secondary School
"P O HINOO DORANDA RANCHI JHARKHAND ,834002",31/03/2007,3400002,rushiyachandra@gmail.com,RUSHIYA CHANDRA GOND,KENDRIYA VIDYALAYA,"0651 ,2482242",JHARKHAND,Senior Secondary
"RAMGARH CANTT RAMGARH DISTT JHARKHAND ,829122",31/03/2018,3400005,dramitabara@gmail.com,DR AMITA J BARA,KENDRIYA VIDYALAYA,"0655 ,222311",JHARKHAND,Senior Secondary
"OLD D V S BUILDING NEAR RLY CLUB ( E R) DHANBAD JHARKHAND ,826001",31/03/2019,3400007,kv1dhanbad@gmail.com,Ranjan Kishore,KENDRIYA VIDYALAYA,"326 ,2310551",JHARKHAND,Senior Secondary
"B S F CAMPUS MERU HAZARIBAGH DISTT JHARKHAND ,825317",31/03/2009,3400008,usharai374@gmail.com,USHA RAI,KENDRIYA VIDYALAYA,"6546 ,236842",JHARKHAND,Senior Secondary
"CHANDRAPURA THERMAL POWER STATION CHANDRAPURA P O CHANDRAPURA BOKARO DISTT JHARKHAND ,825303",31/03/2018,3400010,kvchandrapura@yahoo.co.in,Anjani Asha Salkar,KENDRIYA VIDYALAYA,"6549 ,242259",JHARKHAND,Senior Secondary
"GUMLA, AT-TRAINING SCHOOL CAMPUS, KARAMTOLI, PO GUMLA, DISTT. GUMLA, JHARKHAND ,835207",31/03/2022,3400036,nvtoppo@gmail.com,NILIMA V TOPPO,KENDRIYA VIDYALAYA,"6524 ,221042",JHARKHAND,Senior Secondary
"SECTOR 2 HEAVY ENGG CORPN JAGANNATH NAGAR RANCHI JHARKHAND ,834004",31/03/2014,3400003,purtysilas@gmail.com,SILAS PURTY,KENDRIYA VIDYALAYA NO 1,"0651 ,2443548",JHARKHAND,Senior Secondary
"SECTOR 4 BOKARO STEEL CITY BOKARO JHARKHAND ,827004",31/03/2018,3400001,odilminz@gmail.com,ODIL SUSHILA MINZ,KENDRIYA VIDYALAYA NO 1,"0654 ,2231207",JHARKHAND,Senior Secondary
"H E C P O DHURWA RANCHI JHARKHAND ,834004",31/03/1999,3400004,,SHYAM KRISHNA SAXENA,KENDRIYA VIDYALAYA NO 2,",408906",JHARKHAND,Secondary School
"RAILWAY COLONY BOKARO STEEL CITY JHARKHAND ,827010",31/03/2020,3400021,mmardi17@gmail.com,MAISA MARDI,KENDRIYA VIDYALAYA NO 3,"6542 ,253694",JHARKHAND,Senior Secondary
"BEHIND POLICE STATION, JAGJIWAN NAGAR DHANBAD, JHARKHAND ,826003",31/03/2019,3400028,sansin_phy@hotmail.com,SANJIB SINHA,KENDRIYA VIDYALAYA NO.2,"0326 ,2210705",JHARKHAND,Secondary School
"Mahatisai Jagannathpur West Singhbhum, Jharkhand ,833203",31/03/2018,3430313,principal.kemsjnp@yahoo.com,RANJAN KUMAR SAHU,Kerala English Medium School,"091 ,9835361360",JHARKHAND,Secondary School
"BURMAMINES JAMSHEDPUR JHARKHAND ,831007",31/03/2019,3430201,hkaur1109@gmail.com,Harwinder Kaur,KERALA PUBLIC SCHOOL,"0657 ,2345629",JHARKHAND,Secondary School
"SINDRI ROAD PO JHARIA DISTT DHANBAD JHARKHAND ,828111",31/03/2021,3430203,kidsgarden05@yahoo.in,SHOBHA SINHA,KIDS GARDEN SECONDARY SCHOOL,"0326 ,2460792",JHARKHAND,Senior Secondary
"koldiha,giridih ,815301",31/03/2019,3430334,suryaprakashpkps@gmail.com,SURYA PRAKASH,kiran public school,"6532 ,250077",JHARKHAND,Secondary School
"Vill- Laudia, P.O. Chakradharpur ,833102",31/03/2020,3430251,PRINCIPAL@KONCEPT.CO.IN,SUPARNA SAHA,KONCEPT PUBLIC SCHOOL,"0000 ,7761988324",JHARKHAND,Senior Secondary
"KHAS MAHAL CCL PO SUNDAY BAZAR BERMO DISTT BOKARO JHARKHAND ,829127",31/03/2023,3430180,singhmamta389@gmail.com,MAMTA SINGH,KRISHNA SUDERSHAN CENTRAL SCHOOL,"6549 ,260260",JHARKHAND,Senior Secondary
"GHAT ROAD, SAMLONG, RANCHI ,834010",31/03/2020,3430221,la.gardenschool@gmail.com,T K Gupta,l a garden high school,"0651 ,6452109",JHARKHAND,Senior Secondary
"AT-BENGABAD P.O-BENGABAD DIST-GIRIDIH PIN -815312 ,815312",31/03/2022,3430305,lnppublicschoolgrd@gmail.com,NIRANJANA PRIYADARSHANI,L.N.P PUBLIC SCHOOL,"0 ,7903128525",JHARKHAND,Secondary School
"VILLAGE TINDIR RATU ROAD KANKE BLOCK RANCHI, JHARKHAND-824001 ,834001",31/03/2019,3430157,kamalkantdas1960@gmail.com,KAMAL KANT DAS,LADY K C ROY MEMORIAL SCHOOL,"0651 ,6453409",JHARKHAND,Senior Secondary
"LAJPAT BHAWAN NEAR RAILWAY CROSSING KADRU ROAD RANCHI JHARKHAND ,834001",31/03/2020,3430007,pkt7161@gmail.com,P K THAKUR,LALA LAJPAT RAI BAL MANDIR,"0651 ,2331436",JHARKHAND,Senior Secondary
"RAGHUNATHPURAM, PETARWAR ,829121",31/03/2022,3430298,contact@leelajankipublicschool.com,SWARN LATA,LEELA JANKI PUBLIC SCHOOL,"6549 ,265055",JHARKHAND,Secondary School
"P O SINDRI DHANBAD DISTT JHARKHAND ,828122",31/03/2018,3430038,lpssindri8025@gmail.com,RAMESH SHARMA,LIONS PUBLIC SCHOOL,"0326 ,245343",JHARKHAND,Senior Secondary
"At. Amrit Nagar, PO.Korrah, Dist. Hazaribagh,State - Jharkhand ,825301",31/03/2020,3430350,lordkrishnaschoolhzb.@gmail.com,NISHANT PRAVEER,Lord Krishna School,"6546 ,292649",JHARKHAND,Secondary School
"BOOTY RANCHI JHARKHAND ,834009",31/03/2017,3430198,loyola.sr.sec.school@gmail.com,PARAMITA SAHA,LOYOLA CONVENT SCHOOL,"0651 ,2273020",JHARKHAND,Senior Secondary
"I.E. GOMIA-PO, BOKARO-DT ,829112",31/03/2019,3430339,loyolapacyla@gmail.com,MissGLIGY SEBASTIAN,"LOYOLA ENGLISH MEDIUM SCHOOL, GOMIA",",06544261125",JHARKHAND,Secondary School
"CHIANKI DALTONGANJ JHARKHAND ,822133",31/03/2022,3430109,plmkdav@gmail.com,VINAY KUMAR PANDEY,M K DAV PUBLIC SCHOOL,"6562 ,7360000524",JHARKHAND,Senior Secondary
"vill.-asantalia, p.o.- chakradharpur ,833102",31/03/2020,3430268,knagarajuprincipal@gmail.com,KNAGARAJU,madhusudan public school,"91 ,9955475737",JHARKHAND,Secondary School
"LOHARDIH,KOLAKUSMA(HIRAK ROAD ,P.O-K.G.ASHRAM,DHANBAD-828109(JHARKHAND) ,828109",31/03/2021,3430281,maharshimehi@gmail.com,SHYAM NARAYAN SINGH,MAHARSHI MEHI VIDYAPEETH,"0326 ,6001929",JHARKHAND,Secondary School
"SHISHU VIDYA MANDIR MADHUPUR COLLEGE ROAD MADHUPUR DISTT. DEOGHAR JHARKHAND ,815353",31/03/2022,3430136,vishwakarma.ssvm@gmail.com,GOPAL MISTRY VISHWAKARMA,MAHENDRA MUNI SARASWATI,"6438 ,224085",JHARKHAND,Senior Secondary
"Dumardaga, H.B.Road, Booti, Ranchi ,835217",31/03/2020,3430236,JAYALEKSHMIMANAN@GMAIL.COM,JAYALEKSHMI S,MANAN VIDYA,"0651 ,2273601",JHARKHAND,Senior Secondary
"AT+PO-DOMCHANCH, KODERMA ,825418",31/03/2019,3430340,msacad800@gmail.com,SUDHA KUMARI,MANJULA SHARMA MEMORIAL ACADEMY,"0 ,8986658958",JHARKHAND,Secondary School
"Balwagarh, Rajdhanwar ,825412",31/03/2020,3430349,atamshantideb@gmail.com,DEBASHISH KAR,Manthan Valley St. Alberts School,"91 ,9431531828",JHARKHAND,Secondary School
"JAMUNE PANKI ROAD, DALDTONGANJ ,822101",31/03/2020,3430215,principaldal2004@gmail.com,MADHU SUDAN MANDAL,MATA DRAUPADI NAMDHARI GOBIND SINGH PUBLIC SCHOOL,"6562 ,290405",JHARKHAND,Senior Secondary
"DAYANAND ROAD KARAMTOLI LOHARDAGA JHARKHAND ,835302",31/03/2020,3430133,mbdav411@yahoo.com,KRISHAN AVTAR,MB DAV PUBLIC SCHOOL,"6526 ,73660324",JHARKHAND,Senior Secondary
"GUMO, WARD NO.1, JHUMRI TELAIYA ,825409",31/03/2018,3430315,principalmeridian.jmt@gmail.com,NAVIN KUMAR,MERIDIAN ACADEMY,"6534 ,227179",JHARKHAND,Secondary School
"SECTOR IV F BOKARO STEEL CITY JHARKHAND ,827004",31/03/2020,3430093,rcv68@rediffmail.com,Fr Reji C Varghese,MGM HIGHER SECONDARY SCHOOL,"6542 ,269783",JHARKHAND,Senior Secondary
"NANDAN PAHAR B.DEOGHAR ,814112",31/03/2019,3430332,sudhapandey997@gmail.com,SUDHA PANDEY,MISHRAS RESIDENTIAL PUBLIC SCHOOL,"6432 ,9471749942",JHARKHAND,Secondary School
"Sector 4E, B.S.City, Bokaro Distt., Jharkhand ,827004",31/03/2020,3430263,sreelalall2016@gmail.com,SREELA LALL,Mithila Academy Public School,"6542 ,7033859521",JHARKHAND,Senior Secondary
"P O SINDRI F C I SINDRI DHANBAD DISTT JHARKHAND ,828122",31/03/2003,3430011,dnp@fcis.bih.nic.in,S B SRIVASTAVA,MODEL ENGLISH HIGH SCHOOL,"0629 ,4314",JHARKHAND,Senior Secondary
"SARSA, DEOGHAR ,814142",31/03/2020,3430356,mps.deoghar2012@gmail.com,ASHA SINHA,MODERN PUBLIC SCHOOL,"6432 ,292926",JHARKHAND,Secondary School
"CASTER'S TOWN B DEOGHAR DISTT DEOGHAR JHARKHAND ,814112",31/03/2008,3430118,sagar2007@yahoo.co.in,Mr. MRS. KRISHNA DUTTA,MODERN PUBLIC SCHOOL,"06432 ,222924",JHARKHAND,Secondary School
"JHUMRI TELAIYA DISTT KODERMA JHARKHAND ,825409",31/03/2023,3430176,prasenjithazra@rediffmail.com,PRASENJIT HAZRA,MODERN PUBLIC SCHOOL,"6534 ,222558",JHARKHAND,Secondary School
"DAYABANS PAHAR , NH-2 NEAR GANGA HOTEL , TOPCHANCHI - 828112 ,828112",31/03/2020,3430365,montfortacademy@hotmail.com,Mr.SUNAHALI SHAH,MONTFORT ACADEMY,",9006880279",JHARKHAND,Secondary School
"Hathiagonda, Kanke Road, Ranchi-834008, Jharkhand ,834008",31/03/2021,3430286,pradeephorosg@rediffmail.com,PRADEEP KUMAR HORO,Montfort School,"0651 ,2902491",JHARKHAND,Secondary School
"KONBIR NOATOLI BASIA, GUMLA ,835229",31/03/2023,3430312,brosudhasg@gmail.com,Yeruva Sudhakar,MONTFORT SENIOR SECONDARY SCHOOL,"0653 ,8102907198",JHARKHAND,Secondary School
"panch mandir road, Madhupur, Deogarh, ,815353",31/03/2017,3430260,milansaraf@ymail.com,MILAN SARAF,mothers international academy,"6438 ,220008",JHARKHAND,Senior Secondary
"Sashi Path, Canary road, Hazaribagh ,825301",31/03/2020,3430225,mountegmont89@gmail.com,SHYAMAL KUMAR GUPTA,Mount egmont School,"6546 ,264769",JHARKHAND,Senior Secondary
Vill,31/03/2019,3430287,mohankp48@gmail.com,MOHAN K P,Mount Litera Zee School,"6432 ,222095",JHARKHAND,Senior Secondary
"At.- Katghara, Silwar Distt. - Hazaribagh ,825301",31/03/2018,3430322,anit_ankur@yahoo.co.in,Mr.Babu.P.Thomas,Mount Litera Zee School,",06546-320325",JHARKHAND,Secondary School
"Chandil, PIN - 831012, District Seraikela - Kharsawan, Jharkhand ,831012",31/03/2020,3430314,mlzsjsrprincipal@gmail.com,Kabita Agrawal,Mount Litera Zee School Jamshedpur,"0657 ,8102916675",JHARKHAND,Senior Secondary
"Mount Litera Zee School, Dhanbad, Baukala, Bhuli, Hirak Road, Dhanbad ,818104",31/03/2020,3430347,principal.dhanbad@mountlitera.com,Mr.Rakesh Kumar Bhagat,"Mount Litera Zee School, Dhanbad",",03266550372",JHARKHAND,Middle Class
"MAHARAJGANJ PO DADPUR DISTT HAZARIBAGH JHARKHAND ,825406",31/03/2019,3430181,principalmunam@gmail.com,WAKIL AHMAD,MUNAM PUBLIC SCHOOL,"6546 ,260486",JHARKHAND,Senior Secondary
"52 bigha s.n.bose rd. madhupur deoghar jharkhand ,815353",31/03/2019,3430256,nalandacademy@gmail.com,PURUSHOTTAM MISHRA,nalanda academy,"6438 ,9431908755",JHARKHAND,Secondary School
"Masipirhi, Hazaribagh Distt., Jharkhand ,825301",31/03/2021,3430217,namanvidya@yahoo.com,Priyanka Rajbansh,Naman Vidya,"91 ,9471530010",JHARKHAND,Secondary School
"B I T SINDRI INSTITUTE DISTT DHANBAD JHARKHAND ,828123",31/03/1995,3430045,,MRS. NACHARI,NANDA GOKULAM,",",JHARKHAND,Secondary School
"NEW AREA HAZARIBAGH, ,825301",31/03/2020,3430272,nationalpublicschool786@rediffmail.com,DHIRENDRA KUMAR SINGH,NATIONAL PUBLIC SCHOOL,"0654 ,267193",JHARKHAND,Secondary School
"katia station road, parsabad, jainagar diss. koderma, jharkhand- 825318 ,",31/03/2019,3430338,,THE PRINCIPAL,National Public School,",",JHARKHAND,Secondary School
"Chatra ,825401",31/03/2022,3430303,studu@yahoo.com,SUSANA TUDU,Nazareth School,"6541 ,224620",JHARKHAND,Secondary School
",832106",31/03/2021,3430323,awadesharma@gmail.com,AWADHESH KUMAR SHARMA,NETAJI SUBHAS PUBLIC SCHOOL,"0657 ,3201100",JHARKHAND,Senior Secondary
"POKHARI BHILAI PAHARI PS MGM EAST SINGHBHUM JAMSHEDPUR JHARKHAND ,831012",31/03/2023,3430119,info@nspsjsr.com,S K MITRA,NETAJI SUBHAS PUBLIC SCHOOL,"0657 ,2210167",JHARKHAND,Senior Secondary
"GOSHALA COMPLEX, KANKE ,834006",31/03/2020,3430238,nskanke@yahoo.co.in,SANJAY KUMAR MISHRA,NIRJA SAHAY DAV PUBLIC SCHOOL,"91 ,9204061085",JHARKHAND,Senior Secondary
"G.T. Road, Jealgora, KG Ashram, Govindpur ,828109",31/03/2020,3430366,surinjames25@gmail.com,James Surin,"Nirmala School, Govindpur","0654 ,262490",JHARKHAND,Secondary School
"Bhuyadih, Agrico, ,831009",31/03/2022,3430293,gurmeetkaur2001@yahoo.com,GURMEET KAUR,NML Kerala Public School,"0657 ,2346211",JHARKHAND,Secondary School
"PALKOT ROAD TARRIBARTOTLI ,473331",31/03/2018,3430212,savitasnd@yahoo.com,SISTER MARY SAVITA SND,NOTRE DAME SCHOOL,"6524 ,9431116966",JHARKHAND,Senior Secondary
"p o balkudra, patratu, hazaribagh distt jharkhand ,829143",31/03/2019,3430020,principal.opjs@pat.jspl.com,PRAMOD KUMAR,o p jindal school,"6553 ,275746",JHARKHAND,Senior Secondary
"At/PO - Mander Ranchi ,835214",31/03/2018,3430309,evonekka@gmail.com,EVON E EKKA,OXBRIDGE SCHOOL,"6531 ,224506",JHARKHAND,Secondary School
"old h.b. road ranchi jharkhand ,834001",31/03/2020,3430121,surajsharma12@yahoo.com,SURAJ SHARMA,Oxford public school,"0651 ,6450351",JHARKHAND,Senior Secondary
"VIDYA MANDIR DEV NAGAR P.O. DUGDHA DISTT. BOKARO JHARKHAND- 828404 ,828404",31/03/2019,3430129,svmandir.saraswatividyamandir@gmail.com,RAJENDRA MAHAPATRA,PANDIT BAGESHWARI PANDEY SARASWATI,"6549 ,244078",JHARKHAND,Senior Secondary
"DAV PUBLIC SCHOOL JHUMRI TELAIYA DISTT KODERMA JHARKHAND ,825409",31/03/2022,3430111,metheprincipal@rediffmail.com,OM PRAKASH YADAV,PARMAR VIDYAWATI SURJIT SINGH,"91 ,7482077575",JHARKHAND,Senior Secondary
"GOMIA P O INDIAN EXPLOSIVES (GOMIA) BOKARO DISTT JHARKHAND ,829112",31/03/2019,3430014,manojkrup05@gmail.com,MANOJ KUMAR UPADHYAY,PITTS MODERN SCHOOL,"6544 ,261595",JHARKHAND,Senior Secondary
"AT+PO-JAMTARA(PROF.COLONY)P.S-DUMRI ,825106",31/03/2020,3430357,wasimdumri@gmail.com,SARWAR ALI,"PROGRESSIVE PUBLIC SCHOOL,JAMTARA,DUMRI(GIRIDIH)","6558 ,233531",JHARKHAND,Secondary School
"AT/PO KIRIBURU SINGHBHUM DISTT JHARKHAND ,833222",31/03/2020,3430025,binodprakash3460@gmail.com,BINOD PRAKASH,PROJECT CENTRAL SCHOOL,"0659 ,06596245121",JHARKHAND,Senior Secondary
"sonpurwa at / po garhwa dist garhwa jharkhand ,822114",31/03/2019,3430164,principalrkpsgarhwa@gmail.com,SHALIGRAM PANDEY,r k public school,"6561 ,290492",JHARKHAND,Senior Secondary
"PATRATLOI,BHONDA.,RATU ,834006",31/03/2019,3430324,meerashahdeo48@gmail.com,Ratna Mukherjee,R.B.SPRINGDALE PUBLIC SCHOOL,"0651 ,3294888",JHARKHAND,Secondary School
"Unchari ,822138",31/03/2020,3430364,principalrkpsgarhwa@gmail.com,Mr.S.K.L Das,R.K Public School,",9431136058",JHARKHAND,Secondary School
"Vill-KEDO,P.O.- NARWAPAHAR , P.S.-SUNDERNAGAR, JAMSHEDPUR,JHARKHAND ,PIN- 832111 ,832111",31/03/2017,3430296,chandrika.maity@yahoo.co.in,CHANDRIKA MAITY,R.N. FOUNDATION LITTLE HEART SCHOOL,"0657 ,2318144",JHARKHAND,Secondary School
"BEHIND RAMGARH COLLEGE JARATOLA RAMGARH CANTT DISTT HAZARIBAGH JHARKHAND ,829122",31/03/2019,3430159,tapasipramanik09@gmail.com,TAPASI PRAMANIK,RADHA GOVIND PUBLIC SCHOOL,"6553 ,230542",JHARKHAND,Senior Secondary
"Chira Chas , P.O. - Jamgoraia, P.S. - Chas , B.S.CITY ,827013",31/03/2020,3430308,shankarsharmarps2015@gmail.com,SHANKAR SHARMA,Rainbow Public School,"6542 ,251050",JHARKHAND,Senior Secondary
"ashok nagar dhanbad jharkhand ,828106",31/03/2018,3430048,dnb_rajkamal@yahoo.co.in,RAJESH KUMAR SINGH,raj kamal saraswati vidya mandir,"0326 ,2303099",JHARKHAND,Senior Secondary
"PHED (KH TOLA) BOOTI RANCHI JHARKHAND ,834009",31/03/2022,3430140,surjeet_singh97@hotmail.com,SURJEET SINGH,RAM TAHAL CHOUDHARY HIGH SCHOOL,"0651 ,6571697",JHARKHAND,Senior Secondary
"H F C SIDHGORA JAMSHEDPUR JHARKHAND ,831009",03/03/1997,3430043,dnp@fcis.bih.nic.in,SH P C BHATTACHARYA,RAMA KRISHNA MISSION SCHOOL,"0629 ,21875",JHARKHAND,Secondary School
"P O VIDYAPEETH RAMAKRISHNA NAGAR DEOGHAR (S P) JHARKHAND ,814112",31/03/2018,3430001,divyasudhananda@gmail.com,SWAMI DIVYASUDHANANDA,RAMAKRISHNA MISSION VIDYAPITH,"6432 ,222413",JHARKHAND,Senior Secondary
"near bazar samiti gola road, ramgarh cantt, dist - hazaribag jharkhand - 829122 ,829122",31/03/2022,3430226,rpcsvm@gmail.com,MAHENDRA KUMAR SINGH,ramprasad chandrabhan saraswati shishu vidya mandir,"6553 ,222021",JHARKHAND,Senior Secondary
"CASTAIRS TOWN B DEOGHAR JHARKHAND ,814112",31/03/2021,3430163,principal.redrose.school.deo@gmail.com,RAMSEVAK SINGH,RED ROSE SCHOOL,"0 ,9430385464",JHARKHAND,Senior Secondary
"RMS High School, Khutadih, PO Sonari ,831011",31/03/2020,3430345,shuklaparineeta@yahoo.in,PARINEETA SHUKLA,"RMS High School, Khutadih","0657 ,2308951",JHARKHAND,Secondary School
"anand shankar chainpur po palamu jharkhand ,822101",31/03/2021,3430147,rotaryschool3250@rediffmail.com,SMITA MEGUMI MINZ,rotary school,"6586 ,251671",JHARKHAND,Senior Secondary
"phusro ,829144",31/03/2019,3430341,rdpsphusro@gmail.com,Geeta Bharti,Rukmini Devi Public School,"6549 ,222534",JHARKHAND,Secondary School
"DISPENDARY ROAD SIDHGORA PO AGRICO JAMSHEDPUR ,831009",31/03/2022,3430149,moushumidas2009@gmail.com,MOUSHUMI DAS,S D S M SCHOOL FOR EXCELLENCE,"0657 ,2211825",JHARKHAND,Senior Secondary
"TATA NAGAR, AT BAGBERA, DISTT EAST SINGHBHUM, JHARKHAND ,831002",31/03/2016,3480007,narsinghpradhan2011@gmail.com,NARSINGH PRADHAN,S E RLY MIXED HIGH SCHOOL,"0657 ,2292672",JHARKHAND,Secondary School
"BIRSA NAGAR (KHAKRIPARA), EAST SINGHBHUM, JHARKHAND-831009 ,831009",31/03/2020,3430361,bijayshankar.ks@gmail.com,Mr.DHIRENDRA KUMAR DHIRAJ,S.D. PUBLIC SCHOOL,",06572282783",JHARKHAND,Secondary School
"PUNDAG PO-PUNDAG,RANCHI-4 ,834004",31/03/2021,3430254,tnp2321@gmail.com,TANUJA PANIGRAHI,"S.R.DAV PUBLIC SCHOOL,","0651 ,6570647",JHARKHAND,Senior Secondary
"108, Kusai, Doranda ,834002",31/03/2022,3430228,sachidanandgyanbharti@gmail.com,MONIKA SHRIVASTAVA,Sachidanand Gyan Bharti Model School,"0651 ,9334714607",JHARKHAND,Secondary School
"sankat mochan mandir ,825409",31/03/2022,3430224,shaileshkumar201@rediffmail.com,SHAILESH KUMAR,Sacred Heart School,"6534 ,224394",JHARKHAND,Secondary School
"P.O. - DUMKA(H.P.O.) ,814101",31/03/2019,3430327,principalshsdumka@gmail.com,SHANTA KERKETTA,SACRED HEART SCHOOL,"6434 ,236191",JHARKHAND,Secondary School
"P.O. TILAIYA DAM KODERMA HAZARIBAGH DISTT JHARKHAND ,825413",31/03/2018,3480001,,CAPTAIN K L ARORA,SAINIK SCHOOL,"011 ,2557",JHARKHAND,Senior Secondary
"SHAILESH SAH, FRIENDS COLONY, PUGMIL ROAD, HAZARIBAG,JHARKNAND ,825301",31/03/2020,3430250,augustineschoolhzb@gmail.com,SHAILESH PETER A SAH,Saint Augustine High School,"6546 ,263381",JHARKHAND,Senior Secondary
"DAK BANGLOW ROAD PO GHATSHILA DISTT EAST SINGHBHUM JHARKHAND ,832303",31/03/2018,3430151,snsvmschool@gmail.com,SANJAY KUMAR MALLICK,SANT NAND LAL SAMRITI VIDYA MANDIR,"6585 ,225534",JHARKHAND,Senior Secondary
"12th mile stone, ranchi - khunti highway, hardag, ,835321",31/03/2019,3430259,ddas.principal@gmail.com,DHRUBA DAS,sapphire international school,"9 ,9334833670",JHARKHAND,Senior Secondary
"RANCHI-PURULIA HIGHWAY, VILL- ARRA, P.O- MAHILONG, DISTT RANCHI, JHARKHAND ,835103",31/03/2022,3430269,pamkaur2006@yahoo.com,Paramjit Kaur,SARALA BIRLA PUBLIC SCHOOL (A UNIT OF BHARAT AROGYA & GYAN MANDIR),"0651 ,6452850",JHARKHAND,Senior Secondary
"SHYAMDIH KATRAS BAZAR DISTT.DHANBAD JHARKHAND ,828114",31/03/2020,3430104,singhsachitanand@gmail.com,SACHITA NAND SINGH,SARASWATI SHISHU MANDIR,"0326 ,2372669",JHARKHAND,Senior Secondary
"DAKRA PO DAKRA DISTT RANCHI JHARKHAND ,829210",31/03/2021,3430182,bolaipandit123@gmail.com,BOLAI PANDIT,SARASWATI SHISHU MANDIR,"6531 ,235199",JHARKHAND,Senior Secondary
"BARGANDA PO GIRIDH DISTT GIRIDH JHARKHAND ,815301",31/03/2018,3430166,MMMISHRA321@GMAIL.COM,MADAN MOHAN MISHRA,SARASWATI SHISHU VIDYA MANDIR,"6532 ,225465",JHARKHAND,Senior Secondary
"bhavqnathpur nagri garhwa jharkhand ,822129",31/03/2020,3430207,ransumanbnpts@gmail.com,Ran Suman Singh,saraswati shishu vidya mandir,"6561 ,9973688858",JHARKHAND,Secondary School
"KUMHAR TOLI PARNALA HAZARIBAGH JHARKHAND ,825301",31/03/2020,3430188,umeshprasad035@gmail.com,UMESH PRASAD,SARASWATI SHISHU VIDYA MANDIR,"6546 ,251059",JHARKHAND,Senior Secondary
"9-D SEC IX B ROAD NEAR POST OFFICE BOKARO STEEL CITY JHARKHAND ,827009",31/03/2022,3430190,jraghavkumar@gmail.com,RAGHAV KUMAR JHA,SARASWATI SHISHU VIDYA MANDIR,"6542 ,262770",JHARKHAND,Senior Secondary
"baghmara po navagarh distt dhanbad jharkhand ,828306",31/03/2019,3430161,rrsharmaprincipalsvm@gmail.com,RAJA RAM SHARMA,saraswati shishu vidya mandir,"0326 ,2428360",JHARKHAND,Senior Secondary
"distt kundaria p.o. sarubera distt hazaribagh jharkhand ,829134",31/03/2019,3430116,sksingh.ssvm@gmail.com,SUDHIR KUMAR SINGH,saraswati shishu vidya mandir,"6553 ,210090",JHARKHAND,Secondary School
"P O DHURWA RANCHI JHARKHAND ,834004",31/03/2015,3430123,surendrakumarsingh07@gmail.com,SURENDRA KUMAR SINGH,SARASWATI SHISHU VIDYA MANDIR,"0651 ,2445201",JHARKHAND,Senior Secondary
"SINIDHIH GOVINDPUR AREA PO TUNDOO DISTT DHANBAD JHARKHAND ,828128",31/03/2018,3430150,sksinhasvm@gmail.com,SANJEEV KUMAR SINHA,SARASWATI VIDYA MANDIR,"0326 ,2392102",JHARKHAND,Senior Secondary
"BHULI PO SHRAMIK NAGAR DHANBAD JHARKHAND ,828105",31/03/2022,3430144,harinarayans045@gmail.com,HARI NARAYAN SHARMA,SARASWATI VIDYA MANDIR,"0326 ,2341620",JHARKHAND,Senior Secondary
"SECTOR III-C BOKARO STEEL CITY BOKARO DHANBAD JHARKHAND ,827001",31/03/2020,3430022,mrityunjoysahay9876@gmail.com,MRITYUNJOY SAHAY,SARASWATI VIDYA MANDIR,"6542 ,247579",JHARKHAND,Senior Secondary
"SINDRI DISTT DHANBAD JHARKHAND ,828122",31/03/2019,3430047,shivbalakprasad@gmail.com,shio balak prasad,SARASWATI VIDYA MANDIR,"0326 ,2245740",JHARKHAND,Senior Secondary
"AT SIRKA G M OFFICE POST ARGADA DISTT. HAZARIBAGH JHARKHAND ,829101",31/03/2019,3430070,svmsirka08137@gmail.com,SUNIL KUMAR SINGH,SARASWATI VIDYA MANDIR,"6553 ,8986868692",JHARKHAND,Senior Secondary
"KARKATTA PARIYRJNA PO KHALARI DISTT RANCHI JHARKHAND ,829205",31/03/2022,3430169,shaligrambhardwajs4@gmail.com,SHALIGRAM SINGH,SARASWATI VIDYA MANDIR,"6531 ,246568",JHARKHAND,Senior Secondary
"RAPAPPA PROJECT PO RAJRAPPA DISTT HAZARIBAGH JHARKHAND ,829150",31/03/2018,3430179,sanjivv1966@gmail.com,SANJIV KUMAR,SARASWATI VIDYA MANDIR,"6553 ,251072",JHARKHAND,Senior Secondary
"GUMLA DSP ROAD DISTT GUMLA JHARKHAND ,835207",31/03/2019,3430122,suneelmedininagar@gmail.com,Suneel Kumar Pathak,SARASWATI VIDYA MANDIR HIGH SCHOOL.,"0652 ,4223683",JHARKHAND,Senior Secondary
"SEC-IX A B. ROAD BOKARO STEEL CITY JHARKHAND ,827009",31/03/2020,3430138,amar.hcr@gmail.com,AMAR PRASAD,SARDAR PATEL PUBLIC SCHOOL,"6542 ,261369",JHARKHAND,Senior Secondary
"PATRATU THERMAL POWER STATION, HAZARIBAGH, JHARKHAND ,829119",31/03/2021,3430234,skchoudhary.svm@gmail.com,Shiv Kumar Choudhary,SARSWATI SHISHU VIDYA MANDIR,"91 ,9631209881",JHARKHAND,Senior Secondary
"P.O.-KUJU,DATMA MORE(USHA TOWER) DIST- RAMGARH (JHARKHAND) ,825316",31/03/2019,3430227,sarvodayniketan@gmail.com,SURYANATH YADAV,SARVODAY NIKETAN,"0091 ,6545282619",JHARKHAND,Senior Secondary
"at/post-jamtara ,815351",31/03/2022,3430230,davjamtaraprincipal@gmail.com,GOLAM NABI KHAN,savitri devi d.a.v. public school,"6433 ,223037",JHARKHAND,Senior Secondary
"TALDANGA HOUSING PO SARISA PAHARI VIA CHIRKUNDA DISTT DHANBAD JHARKHAND ,828202",31/03/2020,3430174,sanjiv.svs@gmail.com,SANJIV KUMAR SHAW,SCHOOL OF COMPETITION,"6540 ,272142",JHARKHAND,Senior Secondary
"PRINCIPAL LALGARH MADHUPUR JHARKHAND ,815353",31/03/2019,3430343,shalomschool@live.com,Pintu Kumar,SHALOM SCHOOL,"0 ,9934379273",JHARKHAND,Secondary School
"BUKRU,KANKE ,834006",31/03/2020,3430353,RANJANA.SWARUP@GMAIL.COM,RANJANA SWARUP,SHARDA GLOBAL SCHOOL,"91 ,7541820401",JHARKHAND,Secondary School
"Tata Saraikela Main Road, Bikanipur, Near Railway Overbridge, P.O.-Kandra ,832420",31/03/2020,3430321,MANUJSHARMA@HOTMAIL.COM,MANUJ SHARMA,Sheyn International School,"0657 ,7782927179",JHARKHAND,Senior Secondary
"Shiksha Niketan TelcoP.O INDRANAGAR ,831008",31/03/2021,3430245,sks.gem@gmail.com,SANJAY KUMAR SINGH,Shiksha Niketan,"0657 ,2286362",JHARKHAND,Senior Secondary
"OINA IRBA ,835217",31/03/2019,3430335,ansarisoft@gmail.com,Mr.D.M RODRIGUES,SHINE VALLEY SCHOOL,",06512901883",JHARKHAND,Secondary School
"RATU ROAD POST HEHAL DISTT RANCHI JHARKHAND ,834001",31/03/2018,3430132,anil27021965@gmail.com,ANIL KUMAR MISHRA,SHRADHANAND BAL MANDIR,"0651 ,2282332",JHARKHAND,Senior Secondary
"STATION ROAD GIRIDIH ,815301",31/03/2020,3430252,sgnv.grd@gmail.com,SWAPNA KUMAR,SHREE GURUNANK VIDALAYA,"6532 ,224996",JHARKHAND,Senior Secondary
"VILLAGE PALASH DANGAL BLOCK RAGHUNATHPUR RAMESHWAR DISTT DUMKA JHARKHAND ,814148",31/03/2020,3430186,skhsrgp88@gmail.com,LILA CHAL BHANDARI,SIDO KANHU HIGH SCHOOL,"6434 ,224597",JHARKHAND,Senior Secondary
"THANA ROAD DUMKA P O DUMKA DISTT DUMKA JHARKHAND ,814101",31/03/2020,3430125,naresh020566@gmail.com,NARESH CHANDRA THAKUR,SIDO KANU HIGH SCHOOL,"6434 ,2236520",JHARKHAND,Secondary School
"BOMPASS TOWN,B.Deoghar. Jharkhand ,814112",31/03/2019,3430295,smohan142@gmail.com,SURAJ MOHAN LAL DAS,SKP VIDYA VIHAR,"6432 ,292985",JHARKHAND,Senior Secondary
"CHIRKUNDA DISTT DHANBAD JHARKHAND ,828202",31/03/2020,3430134,zubinbose13@rediffmail.com,ZUBIN BOSE,SMT GINIA DEVI MODERN SCHOOL,"6540 ,273177",JHARKHAND,Senior Secondary
"Solitaire Educational Academy ,Makara,Ghaghra, Gumla ,835208",31/03/2020,3430363,solitaireeducationalacademy@gmail.com,Mr.Sudha Toppo,Solitaire Educational Academy,",08877176749",JHARKHAND,Secondary School
"bhojudih, at & po, bhojudih, ps-chandan kiyari, distt. bokaro, jharkhand` ,828303",31/03/2019,3480008,mayankkrawat650@gmail.com,RAJESH KUMAR,south eastern railway inter college,"0654 ,2230011",JHARKHAND,Senior Secondary
"seraikela, kharsawan, jharkhand ,833220",31/03/2020,3480009,rosalitoppo@gmail.com,ROSALI TOPPO,south eastern railway inter college,"0659 ,244250",JHARKHAND,Secondary School
"gobarghusi , patamda ,832105",31/03/2017,3430302,message4madhu@gamil.com,MADHU MISHRA,south point school,"0657 ,2652456",JHARKHAND,Secondary School
"SECTOR V D BOKARO STEEL CITY JHARKHAND ,827006",31/03/2020,3430112,principal@ayyappachool.in,Dr Letha Mohanan,SREE AYYAPPA PUBLIC SCHOOL,"0654 ,266491",JHARKHAND,Senior Secondary
"PATEL NAGAR, BHURKUNDA ,829106",31/03/2019,3430232,brahmadeosingh007@gmail.com,BRAHMA DEO SINGH,SRI AGRASEN SCHOOL,"0653 ,9934387132",JHARKHAND,Senior Secondary
"RAMGARH CANTT HAZARIBAGH DISTT JHARKHAND ,829122",31/03/2018,3430037,sgnps.08040@gmail.com,HARJAP SINGH,SRI GURU NANAK PUBLIC SCHOOL,"6553 ,222091",JHARKHAND,Senior Secondary
"VIKAS NAGAR AT & PO RAMGARH CANTT DISTT HAZARIBAGH JHARKHAND ,829122",31/03/2019,3430158,dpsjnair@gmail.com,JAYANTI NAIR,SRI KRISHNA VIDYA MANDIR,"6553 ,225318",JHARKHAND,Senior Secondary
"VIVEKANAND MARG SURIYA ,825320",31/03/2020,3430320,davsuriya@gmail.com,ARUN KUMAR JHA,"SRI RAM KRISHAN DAV PUBLIC SCHOOL,","91 ,7282000761",JHARKHAND,Senior Secondary
"RABINDRA PATH HAZARIBAGH JHARKHAND ,825301",31/03/2020,3430124,mausumi@dr.com,MAUSUMI MIATI,SRI RAMAKRISHNA SARADA MATH & MISSION,"6546 ,224515",JHARKHAND,Senior Secondary
"GURUKULAM PO SARAIDHELA DHANBAD JHARKHAND ,828127",31/03/2022,3430191,tahseenahmed3260@gmail.com,S M TAHSEEN AHMAD,SRI SRI SURYA DEO SINGH SMRITI,"0326 ,2205721",JHARKHAND,Senior Secondary
"PISKA NAGRI PO PIKSA NAGRI RANCHI JHARKHAND ,835303",31/03/2022,3430195,stjgpublicschool@yahoo.com,JASMANTI DEVI,ST JAGAT GYAN PUBLIC SCHOOL,"0651 ,275638",JHARKHAND,Senior Secondary
"At & Po - Chhota Muri ,835101",31/03/2019,3430333,clprajapati500@gmail.com,Chhotulal Prajapati,St Michaels School,"0652 ,244366",JHARKHAND,Secondary School
"CHAMPA HAZARIBAGH JHARKHAND ,825301",31/03/2009,3430193,kalpanabara@yahoo.com,KALPANA BARA,ST STEPHEN'S SCHOOL,"6546 ,223493",JHARKHAND,Secondary School
"NH-2 SAHUBAHIYAR TOPCHANCHI DHANBAAD JHARKHAND ,828402",31/03/2019,3430237,sthsprincipal@yahoo.com,SANDEEP R DEY,ST THOMAS HIGH SCHOOL,"0326 ,6550868",JHARKHAND,Senior Secondary
"MANDAR ,835214",31/03/2020,3430351,kindomanjula3@gmail.com,MANJULA KINDO,ST. ANNES CONVENT SCHOOL,"0631 ,9572187123",JHARKHAND,Secondary School
"BEHIND ARGORA HOUSING COLONY ,834002",31/03/2018,3430277,st.arvindoacademy337@gmail.com,KANCHAN SINGH,ST. ARVINDO ACADEMY,"0651 ,2243615",JHARKHAND,Senior Secondary
"Murgu Ratu Ranchi ,835222",31/03/2020,3430355,columbusmurgu@gmail.com,JAYANTI DAS,St. Columbus School,"0651 ,2243577",JHARKHAND,Secondary School
"Chapadanga, Pakur ,816107",31/03/2019,3430337,donboscopkr@rediffmail.com,Mr.Shivshankar Dubey,"ST. DON BOSCO SCHOOL, PAKUR",",9308875727",JHARKHAND,Secondary School
"AT. PHARSABERA, P.O. KHUNTITOLI PS/DIST. SIMDEGA ,835223",31/03/2020,3430278,nikhil.cyril.lakra@gmail.com,Nikhil Cyril Lakra,"ST. JOHNS SCHOOL, ENGLISH MEDIUM","6525 ,8986641004",JHARKHAND,Secondary School
"KARBALA TANK ROAD, RANCHI ,834001",31/03/2020,3430362,alexandertirkey@rediffmail.com,ALEXANDER TIRKEY,"ST. JOHNS SCHOOL, RANCHI","0651 ,2350072",JHARKHAND,Secondary School
"KHARKAI LINK ROAD BISTUPUR JAMSHEDPUR JHARKHAND ,831001",31/03/2018,3430057,PUTHUMAIJSR@GMAIL.COM,FR S PUTHUMAI RAJ,ST. MARY'S ENGLISH HIGH SCHOOL,"0657 ,2320078",JHARKHAND,Senior Secondary
"VILLAGE-JAJPUR PO-SOPAROM DIST.-RANCHI STATE-JHARKHAND ,835303",31/03/2018,3430248,principal@stmichaelsranchi.com,POONAM SINGH,ST. MICHAEL'S SCHOOL,"0651 ,6454439",JHARKHAND,Secondary School
"CHAIBASA, SINGHBHUM WEST, JHARKHAND ,833201",31/03/2021,3430274,ssidharth5@gmail.com,SIDHARTH SEKHAR ROY,ST. VIVEKA ENGLISH MEDIUM SCHOOL,"6582 ,255148",JHARKHAND,Secondary School
"Deoghar, Satar road,Durgapur,Dist.Deoghar,Jharkhand (814112) ,814112",31/03/2019,3430231,principalxavier@outlook.com,N SANTHOSH KUMAR,St. Xavier's High School Deoghar,"6432 ,9199345172",JHARKHAND,Senior Secondary
"P B NO. 19 HAZARIBAGH JHARKHAND ,825301",31/03/2019,3430016,pjamesj@gmail.com,DR P J JAMES SJ,ST. XAVIER'S SCHOOL,"0654 ,6222334",JHARKHAND,Senior Secondary
"JANUM ANGARA ,835104",31/03/2020,3430346,st.aloysisusranchi2010@gmail.com,MissMERCY MATHEW,ST.ALOYSIUS ENGLISH MEDIUM SCHOOL,",06522262222",JHARKHAND,Secondary School
"Mohanpur,Mohanpur(P O)Mahagama,Godda. ,814154",31/03/2020,3430271,principal@stmais.in,BIJU KAVUNKAL,St.Michael Anglo-Indian School,"91 ,9334193826",JHARKHAND,Secondary School
"hurhuru hazaribagh jahrkhand - 825301 ,825301",31/03/2019,3430253,st.pauls_hazaribag@yahoo.com,ANIMA SOREN,St.paul's school,"6546 ,224468",JHARKHAND,Secondary School
"BOKARO THERMAL ,829107",31/03/2020,3430267,sureshgaikwad100@gmail.com,SURESH GAIKWAD,ST.PAULS MODERN SCHOOL,"6549 ,266755",JHARKHAND,Secondary School
"nagari ranchi, ratu ,846004",31/03/2019,3430216,neeta.jaiswal1969@gmail.com,Neeta Jaiswal,star international school,"0651 ,6453151",JHARKHAND,Senior Secondary
"NEW OFFICERS COLONY MOHLICHAWEN KOLDIHA GIRIDIH JHARKHAND ,815301",31/03/2018,3430107,chaudhuri.reena@yahoo.com,REENA CHAUDHURI,SUBHASH PUBLIC SCHOOL,"6532 ,250166",JHARKHAND,Senior Secondary
"At Baijnathpur, P.S. Kunda ,814112",31/03/2017,3430262,raghuvarsharan505@gmail.com,RAGHUVAR SHARAN,Sunrise Dwarika Academy,"6432 ,291834",JHARKHAND,Senior Secondary
"CHAIBASHA SINGHBHUM (WEST) JHARKHAND ,833201",31/03/2018,3430098,rekhakumaridav@gmail.com,REKHA KUMARI,SURAJMUL JAIN D A V PUBLIC SCHOOL,"6582 ,256696",JHARKHAND,Senior Secondary
"Bahera,JP Campus Chouparan, Hazaribag. ,825406",31/03/2022,3430239,rina.pandeyspps@gmail.com,RINA PANDEY,"Surekha Prakash Bhai Public school,","6546 ,263332",JHARKHAND,Senior Secondary
"HAZARIBAGH ROAD DIPATOLI RANCHI JHARKHAND ,834009",31/03/2018,3430092,samita_sinha2k5@yahoo.com,SAMITA SINHA,SURENDRANATH CENTENARY SCHOOL,"0651 ,9430113676",JHARKHAND,Senior Secondary
"KHUNTI RANCHI JHARKHAND ,835210",31/03/2019,3430165,davkhunti36@yahoo.com,TRIBHUWAN PRASAD JHA,SWAMI SHRADHANAND DAV CENTENARY PUBLIC SCHOOL,"6528 ,220676",JHARKHAND,Senior Secondary
"barwadda,nh-2 kalyanpur,dhanbad 826004 jharkhand ,826004",31/03/2019,3430292,indranighosh7@gmail.com,INDRANI GHOSH,symbiosis public school,"0326 ,3262293055",JHARKHAND,Senior Secondary
"barwadda,nh-2 kalyanpur,dhanbad 826004 jharkhand ,826004",31/03/2019,3430392,symbiosispublicschool@yahoo.in,Mrs.MRS.INDRANI GHOSH,symbiosis public school,",03262293055",JHARKHAND,Senior Secondary
"EDAL HATU , BUNDU ,835204",31/03/2023,3430318,taranabegam91@gmail.com,TARANA BEGAM,SYMBIOSIS PUBLIC SCHOOL,"6530 ,255190",JHARKHAND,Secondary School
"PT. B.N. JHA ROAD, B. DEOGHAR,JHARKHAND ,814115",31/03/2021,3430257,pradyutghosh12@yahoo.in,PRADYUT GHOSH,TAKSHASHILA VIDYAPITH,"6432 ,275474",JHARKHAND,Senior Secondary
"NH - 33, BAHARAGORA ,832101",31/03/2021,3430255,tpsdavbhrgora@yahoo.in,SHASHI KANT PANDEY,TARAPADA SARANGI DAV PUBLIC SCHOOL,"6594 ,224988",JHARKHAND,Senior Secondary
"PIT NO 3 JAMADOBA P.O. JAMADOBA DISTT. DHANBAD JHARKHAND ,828112",31/03/2022,3430075,dav_jamadoba@yahoo.co.in,A K PANDEY,TATA D A V SCHOOL,"0326 ,2320654",JHARKHAND,Senior Secondary
"TISCO (WBC) P.O GHATOTAND DISTT HAZARIBAG JHARKHAND ,825314",31/03/2014,3430054,kky.1966@gmail.com,KIRAN KUMARI YADAV,TATA DAV PUBLIC SCHOOL,"91 ,9031043175",JHARKHAND,Senior Secondary
"SIJUA P.O. BHELATAND DHANBAD JHARKHAND ,828103",31/03/2019,3430101,tatadavsijua@ymail.com,ANIL KUMAR SINGH,TATA DAV SCHOOL (TISCO),"0326 ,2372625",JHARKHAND,Senior Secondary
"Knowledge City, Ranchi - Hatia Road ,834003",31/03/2018,3430229,principal@tws.edu.in,DR SUBHASH KUMAR,Taurian World City,"0651 ,30428000",JHARKHAND,Senior Secondary
"GOVINDPUR ROAD ,835234",31/03/2021,3430279,tcidavgovindpur@gmail.com,SHIV NARAYAN SINGH,TCI DAV PUBLIC SCHOOL,"0652 ,290056",JHARKHAND,Secondary School
"tupudana po hatia ranchi jharkhand ,834003",31/03/2019,3430155,thsss.ranchi@gmail.com,GARGI MANJU,tender heart sr sec school,"91 ,9204060667",JHARKHAND,Senior Secondary
"KUSUM VIHAR, KOYLA NAGAR ,826005",31/03/2018,3430273,kvetteresa@yahoo.com,RANJU SINGH,TERESA BLOCK,"0326 ,2230822",JHARKHAND,Senior Secondary
"GHANSHYAM KUNJ BCCL REHLA GARHWA ROAD DISTT PALAMU JHARKHAND ,822124",31/03/2023,3430168,abcil-reh.abps@adityabirla.com,SUNIL KUMAR SINGH,THE ADITYA BIRLA PUBLIC SCHOOL,"6584 ,262221",JHARKHAND,Senior Secondary
"BAWAN BIGHA CASTAIRS TOWN B, DEOGHAR DEOGHAR Jharkhand ,814112",31/03/2020,3430211,naresh.bbs@gmail.com,Anima Naresh,THE BLUE BELLS SCHOOL,"91 ,9801421810",JHARKHAND,Secondary School
"SEC-12-B BOKARO STEEL CITY BOKARO JHARKHAND ,827012",31/03/2020,3430137,pas_bokaro@hotmail.com,RITA PRASAD,THE PENTECOSTAL ASSEMBLY SCHOOL,"6542 ,256777",JHARKHAND,Senior Secondary
"AT & P.O. JASIDIH DIST.DEOGHAR JHARKHAND ,814142",31/03/2019,3430100,contact@therkvvm.org,ASHOKA KAR,THE RAMA KRISHNA VIVEKANANDA VIDYA MANDIR,"6432 ,7070194791",JHARKHAND,Senior Secondary
"P O KHALARI DISTT RANCHI JHARKHAND ,829205",31/03/2019,3430050,ucskhalari@gmail.com,JAYANTI KERKETTA,URSULINE CONVENT SCHOOL,"0653 ,246391",JHARKHAND,Secondary School
"AT- PATLABARI,PO-BENAGORIA VIA MUGMA,DHANBAD,JHARKHAND-828204 ,828204",31/03/2020,3430368,valleypublicschool2@gmail.com,Mrs.LALITA KUMARI,VALLEY PUBLIC SCHOOL,",06540-284231",JHARKHAND,Secondary School
"ASHOK ROAD TRF NAGAR P.O TELCO JAMSHEDPUR JHARKHAND ,831004",31/03/2022,3430110,vvsprincipal2014@gmail.com,ALKA ARVIND KUMAR,VALLEY VIEW SCHOOL,"0657 ,6410053",JHARKHAND,Senior Secondary
"NEAR P TYPE FLATS TELCO COLONY OPP. PLAZA DISPENSARY JAMSHEDPUR JHARKHAND ,831004",31/03/2019,3430015,vbcvjsr@gmail.com,VIPIN SHARMA,VIDYA BHARATI CHINMAYA VIDYALAYA,"0657 ,2286965",JHARKHAND,Senior Secondary
"TISCO COMPLEX COLONY P O GAMHARIA DISTT SINGHBHUM JHARKHAND ,832108",31/03/2022,3430017,vidyajyotiprincipal@gmail.com,SUNIL KUMAR JHA,VIDYA JYOTI SCHOOL,"0657 ,77620004546",JHARKHAND,Secondary School
"Boreya Road, Kanke, ,834006",31/03/2020,3430297,rajanvarghese99@gmail.com,RAJAN VARGHESE,Vidya Vikash Public School,"0651 ,6999901",JHARKHAND,Senior Secondary
"P O NEORI RANCHI JHARKHAND ,835217",31/03/2021,3430002,pskalra03@gmail.com,P S KALRA,VIKAS VIDYALAYA,"0651 ,6550911",JHARKHAND,Senior Secondary
"Vikasnagar, R.no-15, jawaharnagar, goberhushi, jamshedpur ,831018",31/03/2020,3430270,,VIKAS KUMAR,VIKAS VIDYALAYA 10+2,"0657 ,2363028",JHARKHAND,Secondary School
"SCHOOL BAIRIA DALTONGANJ PALAMU JHARKHAND ,822101",31/03/2020,3430175,vpm_gns@yahoo.com,SHANKAR DAYAL,VIMLA PANDEY MEMORIAL GYAN NIKETAN,"6562 ,240742",JHARKHAND,Senior Secondary
"Jainamore, Bokaro ,829301",31/03/2020,3430358,vinayischool@gmail.com,Mr.Sanjay Kumar Singh,VINAY INTERNATIONAL SCHOOL,",9470561085",JHARKHAND,Secondary School
"BINJHAR, PO",31/03/2022,3430299,mishra.sugandha4u@gmail.com,SUGANDHA MISHRA,VINCENT PUBLIC SCHOOL,"6553 ,231577",JHARKHAND,Secondary School
"chhata govindpur jamshedpur jharkhand ,831015",31/03/2020,3430153,hussain8958@yahoo.co.in,IMTEYAZ HUSSAIN,vivek vidyalaya,"0657 ,6572679",JHARKHAND,Senior Secondary
"SECTOR II JAGANNATH NAGAR H E C COLONY RANCHI JHARKHAND ,834004",31/03/2018,3430006,brahamanand31@gmail.com,BRAHAMANAND DWIVEDI,VIVEKANANDA VIDYA MANDIR,"0651 ,2440954",JHARKHAND,Senior Secondary
"KSP PHASE II BOKHARO THERMAL BOKARO JHARKHAND ,829107",31/03/2020,3430204,namitasinha42@gmail.com,NAMITA SINHA,WETGE PUBLIC SCHOOL,"6549 ,266093",JHARKHAND,Senior Secondary
"DORKASAI(BHALUKDIH),P.O.",31/03/2019,3430331,kumarnand420@gmail.com,DHARMENDRA KUMAR,XAVIER PUBLIC SCHOOL,"0657 ,7360079996",JHARKHAND,Secondary School
"206 TAMULIA PO KAPALI SINGHBHUM EAST JHARKHAND ,831012",31/03/2020,3430187,akumarxehs@gmail.com,AMAN KUMAR NIRALA,XAVIER'S ENGLISH HIGH SCHOOL,"0657 ,2341845",JHARKHAND,Senior Secondary
